tripduration,starttime,stoptime,start_station_name,end_station_name,usertype,birth_year,gender
1509,2017-11-29T12:59:04,2017-11-29T13:24:13,Bergen St & Flatbush Ave,Gold St & Frankfort St,Subscriber,1989,female
1652,2018-05-15T08:14:19.759000,2018-05-15T08:41:52.459000,Bergen St & Flatbush Ave,Gold St & Frankfort St,Subscriber,1989,female
700,2017-11-04T18:12:17,2017-11-04T18:23:57,E 2 St & 2 Ave,Gold St & Frankfort St,Subscriber,1970,male
1686,2018-03-29T17:06:56.254000,2018-03-29T17:35:03.152000,E 2 St & 2 Ave,Gold St & Frankfort St,Subscriber,1967,male
1200,2018-05-02T12:41:44.688000,2018-05-02T13:01:45.455000,Liberty St & Broadway,Gold St & Frankfort St,Customer,1969,unknown
1182,2017-10-28T14:48:31,2017-10-28T15:08:14,Liberty St & Broadway,Gold St & Frankfort St,Customer,1974,male
428,2018-04-01T09:39:32.940000,2018-04-01T09:46:41.176000,West Thames St,Gold St & Frankfort St,Subscriber,1984,male
725,2017-09-02T19:56:58,2017-09-02T20:09:03,West Thames St,Gold St & Frankfort St,Subscriber,1981,male
489,2017-11-29T16:16:47,2017-11-29T16:24:56,Henry St & Grand St,Gold St & Frankfort St,Subscriber,1983,male
497,2017-12-06T10:40:35,2017-12-06T10:48:53,Lispenard St & Broadway,Gold St & Frankfort St,Subscriber,1980,male
1310,2018-05-31T10:00:14.489000,2018-05-31T10:22:04.571000,Kent Ave & S 11 St,Gold St & Frankfort St,Subscriber,1981,male
2666,2018-05-07T16:48:10.810000,2018-05-07T17:32:37.638000,South End Ave & Liberty St,Gold St & Frankfort St,Customer,1969,unknown
842,2018-03-31T18:24:14.967000,2018-03-31T18:38:17.246000,South End Ave & Liberty St,Gold St & Frankfort St,Customer,1991,male
929,2017-10-23T08:43:11,2017-10-23T08:58:41,Mott St & Prince St,Gold St & Frankfort St,Subscriber,1968,male
436,2018-04-10T20:02:53.930000,2018-04-10T20:10:10.224000,Duane St & Greenwich St,Gold St & Frankfort St,Subscriber,1956,male
308,2018-01-17T17:29:28.144000,2018-01-17T17:34:36.376000,Fulton St & Broadway,Gold St & Frankfort St,Subscriber,1980,male
1364,2017-09-25T17:22:39,2017-09-25T17:45:23,W 18 St & 6 Ave,Gold St & Frankfort St,Subscriber,1963,male
436,2018-01-18T13:20:59.598000,2018-01-18T13:28:15.944000,Franklin St & W Broadway,Gold St & Frankfort St,Subscriber,1969,female
1164,2018-05-03T08:40:24.402000,2018-05-03T08:59:49.148000,E 23 St & 1 Ave,Gold St & Frankfort St,Subscriber,1965,male
330,2017-10-15T19:06:17,2017-10-15T19:11:47,Forsyth St & Canal St,Gold St & Frankfort St,Subscriber,1964,male
335,2017-11-03T14:33:40,2017-11-03T14:39:16,Pike St & E Broadway,Gold St & Frankfort St,Subscriber,1979,male
375,2018-03-27T08:22:08.590000,2018-03-27T08:28:24.014000,Pike St & E Broadway,Gold St & Frankfort St,Subscriber,1992,female
133,2017-11-05T08:55:24,2017-11-05T08:57:37,Maiden Ln & Pearl St,Gold St & Frankfort St,Subscriber,1986,male
1145,2018-04-07T21:17:02.808000,2018-04-07T21:36:08.218000,Bank St & Washington St,Gold St & Frankfort St,Subscriber,1955,male
2217,2018-02-05T20:12:32.602000,2018-02-05T20:49:30.060000,9 Ave & W 45 St,Gold St & Frankfort St,Subscriber,1982,male
716,2018-03-16T12:57:16.241000,2018-03-16T13:09:13.055000,Clinton St & Grand St,Gold St & Frankfort St,Subscriber,1970,male
2265,2018-05-21T09:47:34.358000,2018-05-21T10:25:19.986000,E 39 St & 3 Ave,Gold St & Frankfort St,Subscriber,1975,male
326,2018-01-30T15:59:55.120000,2018-01-30T16:05:21.918000,Pike St & Monroe St,Gold St & Frankfort St,Subscriber,1969,unknown
383,2018-05-03T12:16:30.418000,2018-05-03T12:22:54.260000,Pike St & Monroe St,Gold St & Frankfort St,Subscriber,1983,male
1046,2018-02-23T07:08:56.803000,2018-02-23T07:26:22.938000,Avenue D & E 3 St,Gold St & Frankfort St,Subscriber,1976,male
341,2017-09-11T14:02:44,2017-09-11T14:08:26,Madison St & Clinton St,Gold St & Frankfort St,Subscriber,1999,female
411,2017-10-23T09:49:17,2017-10-23T09:56:08,Market St & Cherry St,Gold St & Frankfort St,Subscriber,1953,male
364,2018-03-04T10:02:02.470000,2018-03-04T10:08:07.176000,Market St & Cherry St,Gold St & Frankfort St,Subscriber,1964,female
776,2017-09-29T11:05:16,2017-09-29T11:18:12,Water - Whitehall Plaza,Gold St & Frankfort St,Subscriber,1987,male
541,2017-09-28T06:41:07,2017-09-28T06:50:08,Rivington St & Ridge St,Gold St & Frankfort St,Subscriber,1985,female
516,2018-03-28T06:13:22.763000,2018-03-28T06:21:59.730000,Rivington St & Ridge St,Gold St & Frankfort St,Subscriber,1985,female
533,2018-05-22T06:44:19.549000,2018-05-22T06:53:12.987000,Rivington St & Ridge St,Gold St & Frankfort St,Subscriber,1985,female
807,2017-10-12T17:03:17,2017-10-12T17:16:44,Rivington St & Ridge St,Gold St & Frankfort St,Subscriber,1995,male
1268,2018-02-18T16:56:55.735000,2018-02-18T17:18:04.626000,Broadway & Battery Pl,Gold St & Frankfort St,Customer,1969,unknown
1141,2017-09-04T16:55:02,2017-09-04T17:14:03,Broadway & Battery Pl,Gold St & Frankfort St,Customer,1983,male
328,2018-03-16T08:44:36.580000,2018-03-16T08:50:05.259000,South St & Gouverneur Ln,Gold St & Frankfort St,Subscriber,1960,male
296,2017-10-25T13:48:02,2017-10-25T13:52:58,South St & Gouverneur Ln,Gold St & Frankfort St,Subscriber,1980,male
960,2017-11-25T14:12:45,2017-11-25T14:28:46,South St & Gouverneur Ln,Gold St & Frankfort St,Customer,1981,female
2287,2017-11-20T17:43:57,2017-11-20T18:22:05,Broadway & W 58 St,Gold St & Frankfort St,Subscriber,1982,male
1943,2018-02-21T15:20:20.396000,2018-02-21T15:52:43.708000,8 Ave & W 33 St,Gold St & Frankfort St,Subscriber,1969,unknown
237,2017-09-10T18:50:23,2017-09-10T18:54:20,Peck Slip & Front St,Gold St & Frankfort St,Subscriber,1997,male
135,2017-09-18T15:28:10,2017-09-18T15:30:25,Peck Slip & Front St,Gold St & Frankfort St,Subscriber,1997,male
153,2017-10-14T12:21:44,2017-10-14T12:24:18,Peck Slip & Front St,Gold St & Frankfort St,Subscriber,1984,female
1092,2018-02-28T17:26:50.988000,2018-02-28T17:45:03.216000,E 2 St & Avenue C,Gold St & Frankfort St,Subscriber,1988,female
193,2018-05-30T11:47:02.376000,2018-05-30T11:50:15.488000,St James Pl & Oliver St,Gold St & Frankfort St,Subscriber,1941,male
216,2017-09-23T19:12:27,2017-09-23T19:16:04,St James Pl & Oliver St,Gold St & Frankfort St,Subscriber,1964,male
337,2017-09-21T17:25:05,2017-09-21T17:30:43,St James Pl & Oliver St,Gold St & Frankfort St,Customer,1974,male
269,2017-12-08T13:53:28,2017-12-08T13:57:57,St James Pl & Oliver St,Gold St & Frankfort St,Subscriber,1975,male
224,2018-04-14T14:16:03.983000,2018-04-14T14:19:48.914000,St James Pl & Oliver St,Gold St & Frankfort St,Subscriber,1975,male
227,2018-03-26T17:00:33.185000,2018-03-26T17:04:21.049000,St James Pl & Oliver St,Gold St & Frankfort St,Subscriber,1975,male
158,2017-09-19T10:31:09,2017-09-19T10:33:48,St James Pl & Oliver St,Gold St & Frankfort St,Subscriber,1986,female
176,2018-03-30T09:07:04.991000,2018-03-30T09:10:01.540000,St James Pl & Oliver St,Gold St & Frankfort St,Subscriber,1986,male
216,2018-02-26T09:28:19.424000,2018-02-26T09:31:55.626000,St James Pl & Oliver St,Gold St & Frankfort St,Subscriber,1994,female
1157,2017-10-22T15:28:52,2017-10-22T15:48:10,Little West St & 1 Pl,Gold St & Frankfort St,Customer,1979,male
1779,2018-05-26T14:25:02.553000,2018-05-26T14:54:41.742000,N 8 St & Driggs Ave,Gold St & Frankfort St,Subscriber,1988,female
817,2018-05-07T23:18:01.958000,2018-05-07T23:31:39.679000,E 7 St & Avenue A,Gold St & Frankfort St,Subscriber,1984,male
320,2017-10-26T06:52:22,2017-10-26T06:57:42,Leonard St & Church St,Gold St & Frankfort St,Subscriber,1981,male
1013,2017-11-23T13:27:41,2017-11-23T13:44:34,Broadway & E 22 St,Gold St & Frankfort St,Subscriber,1965,male
1983,2018-04-13T23:14:09.385000,2018-04-13T23:47:12.671000,Broadway & E 22 St,Gold St & Frankfort St,Subscriber,1985,female
1502,2018-04-28T10:24:08.739000,2018-04-28T10:49:11.437000,Pier 40 - Hudson River Park,Gold St & Frankfort St,Customer,1969,unknown
337,2017-12-20T18:36:10,2017-12-20T18:41:48,Centre St & Worth St,Gold St & Frankfort St,Subscriber,1959,male
302,2017-09-27T10:46:49,2017-09-27T10:51:51,Division St & Bowery,Gold St & Frankfort St,Subscriber,1950,female
314,2018-05-14T15:08:49.934000,2018-05-14T15:14:04.924000,Division St & Bowery,Gold St & Frankfort St,Subscriber,1957,male
1303,2017-09-11T08:55:29,2017-09-11T09:17:12,Wyckoff St & 3 Ave,Gold St & Frankfort St,Subscriber,1990,female
1233,2018-01-24T09:41:39.924000,2018-01-24T10:02:13.286000,W 26 St & 8 Ave,Gold St & Frankfort St,Subscriber,1967,male
270,2017-12-26T07:40:10,2017-12-26T07:44:40,Catherine St & Monroe St,Gold St & Frankfort St,Subscriber,1958,female
654,2018-05-21T11:43:37.167000,2018-05-21T11:54:32.023000,Catherine St & Monroe St,Gold St & Frankfort St,Subscriber,1982,male
262,2017-09-10T19:38:23,2017-09-10T19:42:46,Catherine St & Monroe St,Gold St & Frankfort St,Subscriber,1989,male
267,2018-03-08T10:19:41.429000,2018-03-08T10:24:09.069000,Catherine St & Monroe St,Gold St & Frankfort St,Subscriber,1990,male
1311,2018-03-22T12:30:22.976000,2018-03-22T12:52:14.648000,E 41 St & 5 Ave,Gold St & Frankfort St,Subscriber,1969,male
2951,2018-01-09T14:20:17.331000,2018-01-09T15:09:28.888000,E 6 St & Avenue D,Gold St & Frankfort St,Subscriber,1941,male
1068,2017-09-21T11:45:47,2017-09-21T12:03:36,E 6 St & Avenue D,Gold St & Frankfort St,Subscriber,1994,male
395,2018-03-17T22:57:41.386000,2018-03-17T23:04:16.850000,Canal St & Rutgers St,Gold St & Frankfort St,Subscriber,1988,male
270,2018-05-21T17:02:20.777000,2018-05-21T17:06:51.606000,William St & Pine St,Gold St & Frankfort St,Subscriber,1977,female
312,2018-05-15T11:49:44.347000,2018-05-15T11:54:56.576000,Grand St & Elizabeth St,Gold St & Frankfort St,Subscriber,1984,male
2429,2018-05-09T15:08:28.412000,2018-05-09T15:48:58.320000,E 39 St & 2 Ave,Gold St & Frankfort St,Customer,1989,female
952,2017-09-28T11:37:37,2017-09-28T11:53:29,Great Jones St,Gold St & Frankfort St,Subscriber,1946,male
2687,2018-05-25T14:41:03.373000,2018-05-25T15:25:51.134000,E 4 St & 2 Ave,Gold St & Frankfort St,Customer,1969,unknown
814,2018-03-23T09:04:00.970000,2018-03-23T09:17:35.419000,Columbia Heights & Cranberry St,Gold St & Frankfort St,Subscriber,1967,male
673,2018-05-16T08:19:49.502000,2018-05-16T08:31:02.788000,Columbia Heights & Cranberry St,Gold St & Frankfort St,Subscriber,1967,male
320,2018-03-09T18:36:02.688000,2018-03-09T18:41:23.659000,Murray St & Greenwich St,Gold St & Frankfort St,Subscriber,1982,male
331,2018-03-28T19:29:59.401000,2018-03-28T19:35:30.489000,Murray St & Greenwich St,Gold St & Frankfort St,Subscriber,1994,male
432,2017-11-21T14:09:24,2017-11-21T14:16:36,West St & Chambers St,Gold St & Frankfort St,Subscriber,1964,male
1406,2018-05-09T16:22:04.116000,2018-05-09T16:45:30.182000,Bus Slip & State St,Gold St & Frankfort St,Customer,1969,unknown
1233,2018-05-23T12:27:44.506000,2018-05-23T12:48:17.894000,Bus Slip & State St,Gold St & Frankfort St,Customer,1969,unknown
1060,2018-05-28T17:36:49.479000,2018-05-28T17:54:29.910000,Bus Slip & State St,Gold St & Frankfort St,Customer,1969,unknown
891,2018-05-12T14:09:08.410000,2018-05-12T14:24:00.123000,Bus Slip & State St,Gold St & Frankfort St,Subscriber,1990,female
1449,2018-04-01T12:58:09.298000,2018-04-01T13:22:18.911000,Bus Slip & State St,Gold St & Frankfort St,Customer,1969,unknown
354,2018-01-24T10:06:18.054000,2018-01-24T10:12:12.663000,John St & William St,Gold St & Frankfort St,Subscriber,1969,male
168,2017-12-12T18:50:51,2017-12-12T18:53:40,John St & William St,Gold St & Frankfort St,Subscriber,1975,male
569,2018-04-17T08:04:13.059000,2018-04-17T08:13:42.781000,Madison St & Montgomery St,Gold St & Frankfort St,Subscriber,1943,female
490,2017-09-08T14:22:12,2017-09-08T14:30:23,Madison St & Montgomery St,Gold St & Frankfort St,Subscriber,1976,male
505,2017-12-10T07:09:19,2017-12-10T07:17:45,Madison St & Montgomery St,Gold St & Frankfort St,Subscriber,1982,male
457,2018-02-28T07:24:38.729000,2018-02-28T07:32:16.433000,Madison St & Montgomery St,Gold St & Frankfort St,Subscriber,1982,male
763,2018-05-26T11:57:49.602000,2018-05-26T12:10:33.403000,Madison St & Montgomery St,Gold St & Frankfort St,Customer,1969,unknown
1430,2018-05-04T08:40:54.380000,2018-05-04T09:04:45.037000,Berry St & N 8 St,Gold St & Frankfort St,Subscriber,1983,female
1022,2018-04-29T13:41:27.183000,2018-04-29T13:58:29.767000,Grand St & Greene St,Gold St & Frankfort St,Customer,1969,unknown
656,2018-05-24T07:16:57.422000,2018-05-24T07:27:53.520000,Cadman Plaza E & Red Cross Pl,Gold St & Frankfort St,Subscriber,1989,male
347,2018-05-22T08:40:03.478000,2018-05-22T08:45:50.926000,Hudson St & Reade St,Gold St & Frankfort St,Subscriber,1974,female
564,2018-05-02T12:35:55.687000,2018-05-02T12:45:19.832000,Pearl St & Hanover Square,Gold St & Frankfort St,Customer,1985,male
1423,2017-09-21T09:11:14,2017-09-21T09:34:58,DeKalb Ave & Skillman St,Gold St & Frankfort St,Subscriber,1986,male
2052,2017-10-04T15:27:14,2017-10-04T16:01:27,Lawrence St & Willoughby St,Gold St & Frankfort St,Subscriber,1973,female
1101,2017-09-14T07:53:23,2017-09-14T08:11:45,Carmine St & 6 Ave,Gold St & Frankfort St,Subscriber,1968,male
334,2017-12-03T23:48:16,2017-12-03T23:53:51,Allen St & Hester St,Gold St & Frankfort St,Subscriber,1998,male
1967,2017-11-25T12:54:45,2017-11-25T13:27:33,Centre St & Chambers St,Gold St & Frankfort St,Subscriber,1975,male
1682,2017-11-25T19:11:49,2017-11-25T19:39:51,Centre St & Chambers St,Gold St & Frankfort St,Customer,1988,male
484,2018-04-23T11:22:01.336000,2018-04-23T11:30:05.905000,Broad St & Bridge St,Gold St & Frankfort St,Subscriber,1969,male
524,2017-09-25T15:58:03,2017-09-25T16:06:48,Greenwich St & Hubert St,Gold St & Frankfort St,Subscriber,1975,male
1011,2018-02-22T09:36:38.424000,2018-02-22T09:53:30.227000,Henry St & Atlantic Ave,Gold St & Frankfort St,Subscriber,1969,female
1002,2018-03-16T08:56:13.051000,2018-03-16T09:12:55.152000,Henry St & Atlantic Ave,Gold St & Frankfort St,Subscriber,1969,female
1058,2018-05-30T09:19:08.963000,2018-05-30T09:36:47.531000,Henry St & Atlantic Ave,Gold St & Frankfort St,Subscriber,1969,female
1026,2017-10-02T09:40:40,2017-10-02T09:57:47,Henry St & Atlantic Ave,Gold St & Frankfort St,Subscriber,1969,female
1146,2018-04-05T15:55:56.897000,2018-04-05T16:15:03.370000,Stanton St & Mangin St,Gold St & Frankfort St,Subscriber,1977,male
576,2017-09-19T11:37:57,2017-09-19T11:47:33,Allen St & Stanton St,Gold St & Frankfort St,Subscriber,1953,male
640,2018-04-01T19:50:59.811000,2018-04-01T20:01:40.784000,Allen St & Stanton St,Gold St & Frankfort St,Subscriber,1993,male
164,2017-12-21T10:27:44,2017-12-21T10:30:29,St James Pl & Pearl St,Gold St & Frankfort St,Subscriber,1963,male
152,2017-09-11T20:31:35,2017-09-11T20:34:08,St James Pl & Pearl St,Gold St & Frankfort St,Subscriber,1971,male
501,2017-11-05T11:39:01,2017-11-05T11:47:22,St James Pl & Pearl St,Gold St & Frankfort St,Subscriber,1975,male
193,2018-05-18T10:02:55.893000,2018-05-18T10:06:09.742000,Barclay St & Church St,Gold St & Frankfort St,Subscriber,1983,male
1133,2018-03-12T12:21:59.828000,2018-03-12T12:40:53.679000,E 10 St & 5 Ave,Gold St & Frankfort St,Subscriber,1994,male
627,2018-05-08T09:02:29.216000,2018-05-08T09:12:56.955000,Gold St & Frankfort St,Gold St & Frankfort St,Subscriber,1980,male
227,2017-09-09T13:14:53,2017-09-09T13:18:41,Gold St & Frankfort St,Gold St & Frankfort St,Customer,1986,male
789,2017-10-17T07:06:31,2017-10-17T07:19:41,E 6 St & Avenue B,Gold St & Frankfort St,Subscriber,1987,female
1128,2017-09-20T13:00:58,2017-09-20T13:19:47,W Broadway & Spring Street,Gold St & Frankfort St,Subscriber,1993,female
288,2018-04-09T20:58:31.367000,2018-04-09T21:03:19.823000,Bayard St & Baxter St,Gold St & Frankfort St,Subscriber,1964,male
453,2018-05-11T13:43:06.026000,2018-05-11T13:50:39.147000,Bayard St & Baxter St,Gold St & Frankfort St,Subscriber,1969,unknown
419,2018-05-21T16:28:43.969000,2018-05-21T16:35:43.533000,Bayard St & Baxter St,Gold St & Frankfort St,Subscriber,1973,male
756,2018-04-29T11:00:11.178000,2018-04-29T11:12:47.428000,South St & Whitehall St,Gold St & Frankfort St,Customer,1969,unknown
1232,2018-03-15T15:47:45.329000,2018-03-15T16:08:17.647000,South St & Whitehall St,Gold St & Frankfort St,Customer,1969,unknown
1672,2018-05-11T11:57:23.706000,2018-05-11T12:25:16.169000,South St & Whitehall St,Gold St & Frankfort St,Customer,1975,female
1095,2017-10-22T13:09:14,2017-10-22T13:27:30,South St & Whitehall St,Gold St & Frankfort St,Customer,1985,male
1518,2017-09-28T18:11:11,2017-09-28T18:36:30,W 52 St & 5 Ave,48 Ave & 5 St,Subscriber,1982,male
1787,2017-07-11T10:33:29,2017-07-11T11:03:17,W 52 St & 5 Ave,48 Ave & 5 St,Subscriber,1985,male
1390,2017-06-01T17:07:15,2017-06-01T17:30:25,E 58 St & 3 Ave,48 Ave & 5 St,Subscriber,1977,male
1922,2017-07-08T13:21:25,2017-07-08T13:53:27,W 52 St & 6 Ave,48 Ave & 5 St,Subscriber,1985,male
1442,2016-08-09T21:20:21,2016-08-09T21:44:23,Kent Ave & S 11 St,48 Ave & 5 St,Subscriber,1981,female
1374,2017-04-29T13:42:50,2017-04-29T14:05:44,Kent Ave & S 11 St,48 Ave & 5 St,Subscriber,1986,male
1499,2017-09-01T18:48:21,2017-09-01T19:13:20,E 31 St & 3 Ave,48 Ave & 5 St,Subscriber,1991,male
1461,2017-10-12T22:26:26,2017-10-12T22:50:47,Metropolitan Ave & Bedford Ave,48 Ave & 5 St,Subscriber,1987,female
1106,2016-09-03T10:35:55,2016-09-03T10:54:21,Grand Army Plaza & Central Park S,48 Ave & 5 St,Subscriber,1972,male
1116,2018-05-18T19:20:20.644000,2018-05-18T19:38:57.558000,S 4 St & Wythe Ave,48 Ave & 5 St,Subscriber,1977,male
2174,2016-05-04T19:24:52,2016-05-04T20:01:06,Maiden Ln & Pearl St,48 Ave & 5 St,Subscriber,1978,male
2116,2015-10-20T16:38:25,2015-10-20T17:13:41,E 82 St & 2 Ave,48 Ave & 5 St,Subscriber,1984,male
500,2016-09-26T15:29:27,2016-09-26T15:37:47,Milton St & Franklin St,48 Ave & 5 St,Subscriber,1971,male
774,2017-06-03T20:12:25,2017-06-03T20:25:19,Milton St & Franklin St,48 Ave & 5 St,Customer,1988,male
971,2017-05-19T20:33:01,2017-05-19T20:49:12,Milton St & Franklin St,48 Ave & 5 St,Subscriber,1985,female
611,2016-08-29T09:14:15,2016-08-29T09:24:26,Milton St & Franklin St,48 Ave & 5 St,Subscriber,1993,male
570,2017-08-08T07:57:30,2017-08-08T08:07:00,Huron St & Franklin St,48 Ave & 5 St,Subscriber,1980,male
609,2017-10-02T08:41:08,2017-10-02T08:51:17,Huron St & Franklin St,48 Ave & 5 St,Subscriber,1978,male
905,2017-10-20T17:29:08,2017-10-20T17:44:13,Huron St & Franklin St,48 Ave & 5 St,Customer,1984,female
623,2017-09-18T11:23:04,2017-09-18T11:33:27,Huron St & Franklin St,48 Ave & 5 St,Subscriber,1992,female
609,2017-11-16T22:41:34,2017-11-16T22:51:44,21 St & Queens Plaza North,48 Ave & 5 St,Subscriber,1985,male
444,2017-10-25T07:02:52,2017-10-25T07:10:16,21 St & Queens Plaza North,48 Ave & 5 St,Subscriber,1987,male
553,2017-04-23T16:10:30,2017-04-23T16:19:44,21 St & Queens Plaza North,48 Ave & 5 St,Subscriber,1987,male
504,2017-07-31T19:49:50,2017-07-31T19:58:14,21 St & 43 Ave,48 Ave & 5 St,Subscriber,1983,male
558,2018-04-29T12:58:55.455000,2018-04-29T13:08:14.104000,21 St & 43 Ave,48 Ave & 5 St,Subscriber,1992,male
455,2018-05-06T13:37:00.710000,2018-05-06T13:44:36.102000,21 St & 43 Ave,48 Ave & 5 St,Subscriber,1992,male
553,2018-04-19T20:55:27.417000,2018-04-19T21:04:40.678000,21 St & 43 Ave,48 Ave & 5 St,Subscriber,1992,male
435,2018-03-29T18:58:41.126000,2018-03-29T19:05:56.323000,21 St & 43 Ave,48 Ave & 5 St,Subscriber,1992,male
227,2016-02-09T17:41:40,2016-02-09T17:45:27,9 St & 44 Rd,48 Ave & 5 St,Subscriber,1971,male
1720,2016-08-03T18:28:22,2016-08-03T18:57:02,DeKalb Ave & Vanderbilt Ave,48 Ave & 5 St,Subscriber,1985,male
2168,2016-06-15T20:55:47,2016-06-15T21:31:55,Clinton St & Tillary St,48 Ave & 5 St,Subscriber,1975,male
410,2016-06-24T06:34:13,2016-06-24T06:41:04,McGuinness Blvd & Eagle St,48 Ave & 5 St,Subscriber,1979,female
481,2017-11-27T09:18:20,2017-11-27T09:26:21,McGuinness Blvd & Eagle St,48 Ave & 5 St,Subscriber,1987,female
1162,2017-10-17T13:17:47,2017-10-17T13:37:10,1 Ave & E 68 St,48 Ave & 5 St,Subscriber,1969,male
1454,2016-08-15T18:31:44,2016-08-15T18:55:58,1 Ave & E 68 St,48 Ave & 5 St,Subscriber,1984,female
1650,2018-05-13T20:10:12.151000,2018-05-13T20:37:42.610000,1 Ave & E 68 St,48 Ave & 5 St,Subscriber,1988,female
677,2017-11-12T11:39:45,2017-11-12T11:51:03,Queens Plaza North & Crescent St,48 Ave & 5 St,Subscriber,1952,male
720,2017-05-16T21:26:50,2017-05-16T21:38:50,Queens Plaza North & Crescent St,48 Ave & 5 St,Subscriber,1964,male
757,2017-09-08T11:47:05,2017-09-08T11:59:43,Queens Plaza North & Crescent St,48 Ave & 5 St,Subscriber,1971,male
702,2015-10-31T13:06:06,2015-10-31T13:17:48,Queens Plaza North & Crescent St,48 Ave & 5 St,Subscriber,1978,female
541,2016-07-17T14:52:44,2016-07-17T15:01:45,Queens Plaza North & Crescent St,48 Ave & 5 St,Subscriber,1981,male
500,2016-02-16T20:54:48,2016-02-16T21:03:08,Queens Plaza North & Crescent St,48 Ave & 5 St,Subscriber,1985,male
808,2016-09-18T11:34:25,2016-09-18T11:47:53,Queens Plaza North & Crescent St,48 Ave & 5 St,Subscriber,1994,male
617,2018-03-03T18:59:38.044000,2018-03-03T19:09:55.246000,Queens Plaza North & Crescent St,48 Ave & 5 St,Subscriber,1988,female
671,2017-05-07T11:24:37,2017-05-07T11:35:49,Queens Plaza North & Crescent St,48 Ave & 5 St,Subscriber,1989,male
609,2017-08-05T17:27:19,2017-08-05T17:37:29,Queens Plaza North & Crescent St,48 Ave & 5 St,Subscriber,1992,male
1239,2016-06-23T19:47:22,2016-06-23T20:08:01,Queens Plaza North & Crescent St,48 Ave & 5 St,Subscriber,1990,male
1336,2017-06-02T17:40:31,2017-06-02T18:02:47,Pershing Square North,48 Ave & 5 St,Subscriber,1983,male
452,2016-09-01T20:28:59,2016-09-01T20:36:31,44 Dr & Jackson Ave,48 Ave & 5 St,Subscriber,1961,female
375,2016-09-07T15:19:06,2016-09-07T15:25:22,44 Dr & Jackson Ave,48 Ave & 5 St,Subscriber,1962,male
347,2018-05-26T16:30:01.718000,2018-05-26T16:35:49.454000,44 Dr & Jackson Ave,48 Ave & 5 St,Subscriber,1969,male
458,2017-07-29T08:43:43,2017-07-29T08:51:22,44 Dr & Jackson Ave,48 Ave & 5 St,Subscriber,1965,male
485,2017-08-08T08:46:31,2017-08-08T08:54:37,44 Dr & Jackson Ave,48 Ave & 5 St,Subscriber,1965,male
355,2017-10-18T00:32:30,2017-10-18T00:38:25,44 Dr & Jackson Ave,48 Ave & 5 St,Subscriber,1977,male
581,2016-07-28T12:19:10,2016-07-28T12:28:51,44 Dr & Jackson Ave,48 Ave & 5 St,Subscriber,1977,male
425,2016-06-05T16:53:27,2016-06-05T17:00:33,44 Dr & Jackson Ave,48 Ave & 5 St,Subscriber,1980,female
493,2016-05-07T10:59:45,2016-05-07T11:07:59,44 Dr & Jackson Ave,48 Ave & 5 St,Subscriber,1980,female
392,2016-06-22T18:05:34,2016-06-22T18:12:07,44 Dr & Jackson Ave,48 Ave & 5 St,Subscriber,1983,female
584,2017-11-12T11:33:55,2017-11-12T11:43:39,44 Dr & Jackson Ave,48 Ave & 5 St,Subscriber,1992,male
534,2016-06-25T17:50:07,2016-06-25T17:59:02,44 Dr & Jackson Ave,48 Ave & 5 St,Subscriber,1988,male
1504,2017-07-19T21:37:39,2017-07-19T22:02:44,Carlton Ave & Flushing Ave,48 Ave & 5 St,Subscriber,1983,male
174,2016-03-02T19:16:03,2016-03-02T19:18:57,Center Blvd & Borden Ave,48 Ave & 5 St,Subscriber,1970,male
138,2015-12-07T15:34:21,2015-12-07T15:36:39,Center Blvd & Borden Ave,48 Ave & 5 St,Subscriber,1967,male
424,2018-03-03T19:09:27.007000,2018-03-03T19:16:31.157000,Center Blvd & Borden Ave,48 Ave & 5 St,Subscriber,1967,male
304,2017-08-30T13:33:16,2017-08-30T13:38:20,Center Blvd & Borden Ave,48 Ave & 5 St,Subscriber,1974,male
196,2018-04-01T19:08:00.672000,2018-04-01T19:11:17.416000,Center Blvd & Borden Ave,48 Ave & 5 St,Subscriber,1981,female
169,2016-06-20T19:56:12,2016-06-20T19:59:01,Center Blvd & Borden Ave,48 Ave & 5 St,Subscriber,1979,female
127,2016-05-15T21:58:18,2016-05-15T22:00:25,Center Blvd & Borden Ave,48 Ave & 5 St,Subscriber,1985,male
1247,2017-08-23T10:59:53,2017-08-23T11:20:41,Center Blvd & Borden Ave,48 Ave & 5 St,Subscriber,1955,male
1962,2016-09-18T10:30:33,2016-09-18T11:03:16,Leonard St & Grand St,48 Ave & 5 St,Subscriber,1991,female
263,2016-04-16T15:44:01,2016-04-16T15:48:24,45 Rd & 11 St,48 Ave & 5 St,Subscriber,1965,male
322,2018-03-31T09:47:18.725000,2018-03-31T09:52:41.419000,45 Rd & 11 St,48 Ave & 5 St,Subscriber,1971,female
236,2017-08-22T18:36:39,2017-08-22T18:40:36,45 Rd & 11 St,48 Ave & 5 St,Subscriber,1971,male
882,2017-07-02T13:10:45,2017-07-02T13:25:28,45 Rd & 11 St,48 Ave & 5 St,Customer,1976,female
212,2016-02-21T14:56:51,2016-02-21T15:00:23,45 Rd & 11 St,48 Ave & 5 St,Subscriber,1979,female
252,2018-02-20T18:22:47.910000,2018-02-20T18:27:00.268000,45 Rd & 11 St,48 Ave & 5 St,Subscriber,1975,male
224,2018-01-26T17:17:59.937000,2018-01-26T17:21:44.215000,45 Rd & 11 St,48 Ave & 5 St,Subscriber,1975,male
2046,2017-07-02T21:04:43,2017-07-02T21:38:49,45 Rd & 11 St,48 Ave & 5 St,Customer,1988,male
206,2016-08-31T08:58:33,2016-08-31T09:02:00,45 Rd & 11 St,48 Ave & 5 St,Subscriber,1987,male
326,2017-06-13T07:58:55,2017-06-13T08:04:22,45 Rd & 11 St,48 Ave & 5 St,Subscriber,1989,male
1043,2017-07-30T18:44:34,2017-07-30T19:01:57,45 Rd & 11 St,48 Ave & 5 St,Subscriber,1991,male
222,2017-07-28T08:03:41,2017-07-28T08:07:24,45 Rd & 11 St,48 Ave & 5 St,Subscriber,1989,male
3091,2016-06-10T22:02:47,2016-06-10T22:54:19,Banker St & Meserole Ave,48 Ave & 5 St,Subscriber,1994,female
1763,2017-04-17T19:02:21,2017-04-17T19:31:45,S 5 Pl & S 4 St,48 Ave & 5 St,Subscriber,1981,female
1177,2016-08-17T17:54:07,2016-08-17T18:13:44,S 5 Pl & S 4 St,48 Ave & 5 St,Subscriber,1988,male
185,2016-06-17T14:14:34,2016-06-17T14:17:40,Jackson Ave & 46 Rd,48 Ave & 5 St,Subscriber,1979,male
245,2016-03-09T11:04:27,2016-03-09T11:08:33,Jackson Ave & 46 Rd,48 Ave & 5 St,Subscriber,1977,male
236,2016-05-24T18:14:00,2016-05-24T18:17:56,Jackson Ave & 46 Rd,48 Ave & 5 St,Subscriber,1984,female
272,2018-05-25T19:37:43.342000,2018-05-25T19:42:15.972000,Jackson Ave & 46 Rd,48 Ave & 5 St,Subscriber,1981,male
404,2017-07-07T12:45:15,2017-07-07T12:51:59,Jackson Ave & 46 Rd,48 Ave & 5 St,Subscriber,1985,male
181,2016-04-14T20:36:03,2016-04-14T20:39:04,Jackson Ave & 46 Rd,48 Ave & 5 St,Subscriber,1987,male
225,2016-04-02T11:32:31,2016-04-02T11:36:17,Jackson Ave & 46 Rd,48 Ave & 5 St,Subscriber,1986,male
374,2018-05-26T09:41:39.862000,2018-05-26T09:47:54.470000,5 St & 51 Ave,48 Ave & 5 St,Subscriber,1955,male
1341,2016-08-24T17:10:44,2016-08-24T17:33:05,E 47 St & 2 Ave,48 Ave & 5 St,Subscriber,1966,male
1418,2016-08-23T17:07:50,2016-08-23T17:31:28,E 47 St & 2 Ave,48 Ave & 5 St,Subscriber,1966,male
1055,2016-06-12T20:47:56,2016-06-12T21:05:32,N 12 St & Bedford Ave,48 Ave & 5 St,Subscriber,1989,male
1260,2016-08-30T17:29:44,2016-08-30T17:50:44,3 Ave & E 71 St,48 Ave & 5 St,Subscriber,1986,male
504,2018-05-14T14:30:29.844000,2018-05-14T14:38:53.866000,Franklin St & Dupont St,48 Ave & 5 St,Subscriber,1976,male
699,2016-06-26T15:26:31,2016-06-26T15:38:11,Franklin St & Dupont St,48 Ave & 5 St,Subscriber,1984,male
1849,2016-07-23T09:04:24,2016-07-23T09:35:14,Franklin St & Dupont St,48 Ave & 5 St,Subscriber,1988,female
708,2016-06-26T15:26:31,2016-06-26T15:38:20,Franklin St & Dupont St,48 Ave & 5 St,Subscriber,1988,female
1659,2016-02-20T14:24:02,2016-02-20T14:51:41,Hope St & Union Ave,48 Ave & 5 St,Subscriber,1985,female
1330,2016-07-24T17:21:05,2016-07-24T17:43:16,Washington Ave & Park Ave,48 Ave & 5 St,Subscriber,1983,male
158,2015-12-30T09:41:45,2015-12-30T09:44:24,Vernon Blvd & 50 Ave,48 Ave & 5 St,Subscriber,1951,male
197,2017-05-15T10:38:12,2017-05-15T10:41:30,Vernon Blvd & 50 Ave,48 Ave & 5 St,Subscriber,1958,male
216,2018-05-28T19:15:50.452000,2018-05-28T19:19:26.978000,Vernon Blvd & 50 Ave,48 Ave & 5 St,Subscriber,1956,unknown
113,2016-05-30T14:02:18,2016-05-30T14:04:11,Vernon Blvd & 50 Ave,48 Ave & 5 St,Subscriber,1966,male
152,2017-06-20T20:15:35,2017-06-20T20:18:08,Vernon Blvd & 50 Ave,48 Ave & 5 St,Subscriber,1970,male
383,2016-03-22T10:22:05,2016-03-22T10:28:29,Vernon Blvd & 50 Ave,48 Ave & 5 St,Subscriber,1971,male
117,2016-07-25T21:12:03,2016-07-25T21:14:00,Vernon Blvd & 50 Ave,48 Ave & 5 St,Subscriber,1981,male
168,2015-12-16T19:49:25,2015-12-16T19:52:13,Vernon Blvd & 50 Ave,48 Ave & 5 St,Subscriber,1983,male
116,2017-10-21T22:12:55,2017-10-21T22:14:51,Vernon Blvd & 50 Ave,48 Ave & 5 St,Subscriber,1986,male
110,2017-04-11T21:07:39,2017-04-11T21:09:30,Vernon Blvd & 50 Ave,48 Ave & 5 St,Subscriber,1986,male
154,2015-12-10T20:40:41,2015-12-10T20:43:16,Vernon Blvd & 50 Ave,48 Ave & 5 St,Subscriber,1983,male
148,2017-07-02T10:41:41,2017-07-02T10:44:10,Vernon Blvd & 50 Ave,48 Ave & 5 St,Subscriber,1983,male
114,2017-04-13T21:07:25,2017-04-13T21:09:20,Vernon Blvd & 50 Ave,48 Ave & 5 St,Subscriber,1985,male
188,2016-06-24T11:32:47,2016-06-24T11:35:55,Vernon Blvd & 50 Ave,48 Ave & 5 St,Subscriber,1987,male
88,2017-10-08T23:02:35,2017-10-08T23:04:03,Vernon Blvd & 50 Ave,48 Ave & 5 St,Subscriber,1985,male
133,2016-01-22T21:30:41,2016-01-22T21:32:55,Vernon Blvd & 50 Ave,48 Ave & 5 St,Subscriber,1988,male
121,2017-06-02T18:26:17,2017-06-02T18:28:19,Vernon Blvd & 50 Ave,48 Ave & 5 St,Subscriber,1989,male
299,2018-05-29T18:27:58.487000,2018-05-29T18:32:57.818000,Vernon Blvd & 50 Ave,48 Ave & 5 St,Subscriber,1984,male
121,2016-02-26T10:33:10,2016-02-26T10:35:12,Vernon Blvd & 50 Ave,48 Ave & 5 St,Subscriber,1989,male
101,2017-07-30T16:23:18,2017-07-30T16:24:59,Vernon Blvd & 50 Ave,48 Ave & 5 St,Subscriber,1989,male
102,2017-10-16T17:48:49,2017-10-16T17:50:32,Vernon Blvd & 50 Ave,48 Ave & 5 St,Subscriber,1985,male
107,2018-05-25T14:28:04.728000,2018-05-25T14:29:52.574000,Vernon Blvd & 50 Ave,48 Ave & 5 St,Subscriber,1988,male
155,2017-09-22T22:28:40,2017-09-22T22:31:16,Vernon Blvd & 50 Ave,48 Ave & 5 St,Subscriber,1989,female
110,2015-11-18T20:14:21,2015-11-18T20:16:11,Vernon Blvd & 50 Ave,48 Ave & 5 St,Subscriber,1989,male
810,2016-08-28T18:31:38,2016-08-28T18:45:08,Meserole Ave & Manhattan Ave,48 Ave & 5 St,Subscriber,1958,male
175,2017-10-25T14:05:49,2017-10-25T14:08:44,46 Ave & 5 St,48 Ave & 5 St,Subscriber,1956,female
803,2018-05-28T16:50:57.359000,2018-05-28T17:04:21.015000,46 Ave & 5 St,48 Ave & 5 St,Customer,1969,unknown
440,2017-09-04T14:46:40,2017-09-04T14:54:01,46 Ave & 5 St,48 Ave & 5 St,Subscriber,1970,male
106,2018-04-06T10:46:28.064000,2018-04-06T10:48:14.363000,46 Ave & 5 St,48 Ave & 5 St,Subscriber,1981,male
145,2018-03-17T16:47:03.993000,2018-03-17T16:49:29.504000,46 Ave & 5 St,48 Ave & 5 St,Subscriber,1985,male
305,2017-06-26T08:14:28,2017-06-26T08:19:33,46 Ave & 5 St,48 Ave & 5 St,Customer,1985,female
124,2017-10-30T07:56:35,2017-10-30T07:58:40,46 Ave & 5 St,48 Ave & 5 St,Subscriber,1968,male
1150,2017-04-16T15:06:20,2017-04-16T15:25:30,N 15 St & Wythe Ave,48 Ave & 5 St,Subscriber,1974,male
1445,2018-04-14T15:16:49.092000,2018-04-14T15:40:54.128000,Kent Ave & N 7 St,48 Ave & 5 St,Customer,1969,unknown
1028,2016-08-31T21:49:16,2016-08-31T22:06:25,Kent Ave & N 7 St,48 Ave & 5 St,Subscriber,1979,male
837,2017-05-21T16:16:51,2017-05-21T16:30:49,Kent Ave & N 7 St,48 Ave & 5 St,Subscriber,1984,female
1033,2016-09-12T16:58:04,2016-09-12T17:15:17,Kent Ave & N 7 St,48 Ave & 5 St,Subscriber,1985,female
1603,2017-10-07T16:40:00,2017-10-07T17:06:43,Kent Ave & N 7 St,48 Ave & 5 St,Subscriber,1991,female
626,2017-05-31T22:48:04,2017-05-31T22:58:30,Nassau Ave & Russell St,48 Ave & 5 St,Subscriber,1977,male
1032,2016-08-02T14:19:59,2016-08-02T14:37:11,Nassau Ave & Russell St,48 Ave & 5 St,Subscriber,1982,female
862,2017-06-27T13:30:38,2017-06-27T13:45:01,Wythe Ave & Metropolitan Ave,48 Ave & 5 St,Subscriber,1987,male
816,2016-03-09T08:45:17,2016-03-09T08:58:53,Wythe Ave & Metropolitan Ave,48 Ave & 5 St,Subscriber,1990,female
479,2017-05-03T09:59:43,2017-05-03T10:07:42,India St & Manhattan Ave,48 Ave & 5 St,Subscriber,1979,female
948,2018-02-21T11:57:23.111000,2018-02-21T12:13:11.973000,India St & West St,48 Ave & 5 St,Subscriber,1973,male
1845,2017-06-08T17:55:32,2017-06-08T18:26:17,W 41 St & 8 Ave,48 Ave & 5 St,Subscriber,1985,male
2397,2016-09-18T17:15:40,2016-09-18T17:55:37,Columbus Ave & W 95 St,48 Ave & 5 St,Subscriber,1990,male
2292,2017-08-25T12:03:19,2017-08-25T12:41:31,Leonard St & Boerum St,48 Ave & 5 St,Subscriber,1989,female
1039,2017-04-16T12:18:45,2017-04-16T12:36:04,47 Ave & 31 St,48 Ave & 5 St,Customer,1984,female
546,2017-06-25T10:18:54,2017-06-25T10:28:00,47 Ave & 31 St,48 Ave & 5 St,Subscriber,1995,female
1248,2017-09-08T12:30:44,2017-09-08T12:51:33,Bayard St & Leonard St,48 Ave & 5 St,Subscriber,1976,male
1376,2018-03-25T17:10:06.359000,2018-03-25T17:33:02.498000,48 Ave & 5 St,48 Ave & 5 St,Subscriber,1984,female
211,2017-09-09T18:30:41,2017-09-09T18:34:13,48 Ave & 5 St,48 Ave & 5 St,Subscriber,1987,male
66,2018-04-09T17:11:31.789000,2018-04-09T17:12:38.429000,48 Ave & 5 St,48 Ave & 5 St,Subscriber,1986,female
3472,2015-11-29T13:01:55,2015-11-29T13:59:47,48 Ave & 5 St,48 Ave & 5 St,Subscriber,1989,male
1089,2017-10-22T16:21:22,2017-10-22T16:39:32,1 Ave & E 62 St,48 Ave & 5 St,Subscriber,1967,male
2143,2017-09-10T19:42:56,2017-09-10T20:18:40,1 Ave & E 62 St,48 Ave & 5 St,Subscriber,1988,female
1023,2016-04-08T18:05:30,2016-04-08T18:22:33,1 Ave & E 62 St,48 Ave & 5 St,Subscriber,1979,male
1364,2016-09-21T18:26:06,2016-09-21T18:48:50,E 47 St & Park Ave,48 Ave & 5 St,Subscriber,1985,male
834,2018-05-20T17:22:28.862000,2018-05-20T17:36:23.540000,Greenpoint Ave & Manhattan Ave,48 Ave & 5 St,Subscriber,1984,male
751,2018-02-26T07:49:17.581000,2018-02-26T08:01:49.523000,Greenpoint Ave & Manhattan Ave,48 Ave & 5 St,Subscriber,1983,male
1612,2017-09-02T15:29:46,2017-09-02T15:56:39,Greenpoint Ave & Manhattan Ave,48 Ave & 5 St,Customer,1985,male
547,2016-08-18T09:46:46,2016-08-18T09:55:54,Greenpoint Ave & Manhattan Ave,48 Ave & 5 St,Subscriber,1983,male
514,2017-11-28T11:36:29,2017-11-28T11:45:03,Greenpoint Ave & Manhattan Ave,48 Ave & 5 St,Subscriber,1983,male
1134,2017-09-30T13:38:58,2017-09-30T13:57:53,31 Ave & 34 St,48 Ave & 5 St,Customer,1973,male
935,2017-11-27T13:05:15,2017-11-27T13:20:51,Bedford Ave & Nassau Ave,48 Ave & 5 St,Subscriber,1970,male
911,2017-07-16T00:11:36,2017-07-16T00:26:48,Bedford Ave & Nassau Ave,48 Ave & 5 St,Subscriber,1987,male
728,2018-05-08T10:58:43.141000,2018-05-08T11:10:51.552000,31 St & Northern Blvd,48 Ave & 5 St,Subscriber,1958,female
686,2018-05-28T12:22:19.454000,2018-05-28T12:33:45.725000,36 Ave & 10 St,48 Ave & 5 St,Subscriber,1984,male
1179,2018-05-05T15:07:53.401000,2018-05-05T15:27:33.227000,Montrose Ave & Bushwick Ave,48 Ave & 5 St,Subscriber,1986,male
894,2018-04-26T09:42:38.804000,2018-04-26T09:57:33.416000,Eckford St & Engert Ave,48 Ave & 5 St,Subscriber,1970,male
357,2017-09-29T20:10:55,2017-09-29T20:16:53,Vernon Blvd & 41 Rd,48 Ave & 5 St,Subscriber,1983,male
1155,2016-08-04T16:59:38,2016-08-04T17:18:53,W 52 St & 5 Ave,E 2 St & 2 Ave,Subscriber,1983,male
930,2016-09-22T16:44:21,2016-09-22T16:59:52,Liberty St & Broadway,E 2 St & 2 Ave,Subscriber,1970,male
1312,2016-08-19T16:06:55,2016-08-19T16:28:48,W 45 St & 6 Ave,E 2 St & 2 Ave,Subscriber,1986,female
422,2016-09-09T12:45:43,2016-09-09T12:52:46,E 12 St & 3 Ave,E 2 St & 2 Ave,Subscriber,1962,male
808,2016-09-12T19:22:19,2016-09-12T19:35:47,Elizabeth St & Hester St,E 2 St & 2 Ave,Subscriber,1971,male
524,2016-09-11T17:16:44,2016-09-11T17:25:28,Elizabeth St & Hester St,E 2 St & 2 Ave,Subscriber,1990,female
561,2016-07-24T12:58:20,2016-07-24T13:07:41,1 Ave & E 16 St,E 2 St & 2 Ave,Subscriber,1984,male
371,2016-08-06T01:11:27,2016-08-06T01:17:38,1 Ave & E 16 St,E 2 St & 2 Ave,Subscriber,1990,male
1744,2016-09-28T18:53:50,2016-09-28T19:22:55,Broadway & W 53 St,E 2 St & 2 Ave,Subscriber,1957,male
982,2016-07-11T12:47:17,2016-07-11T13:03:39,W 27 St & 7 Ave,E 2 St & 2 Ave,Subscriber,1949,male
919,2016-08-25T20:03:57,2016-08-25T20:19:16,W 27 St & 7 Ave,E 2 St & 2 Ave,Subscriber,1983,male
643,2016-07-21T18:15:33,2016-07-21T18:26:16,E 16 St & Irving Pl,E 2 St & 2 Ave,Subscriber,1961,female
814,2016-09-17T19:40:39,2016-09-17T19:54:14,E 16 St & Irving Pl,E 2 St & 2 Ave,Subscriber,1960,male
1084,2016-08-28T17:38:25,2016-08-28T17:56:30,South End Ave & Liberty St,E 2 St & 2 Ave,Subscriber,1986,male
852,2016-08-09T11:12:53,2016-08-09T11:27:05,W 31 St & 7 Ave,E 2 St & 2 Ave,Subscriber,1969,male
1139,2016-09-04T13:45:14,2016-09-04T14:04:13,W 31 St & 7 Ave,E 2 St & 2 Ave,Subscriber,1983,male
988,2016-09-20T18:36:01,2016-09-20T18:52:29,W 31 St & 7 Ave,E 2 St & 2 Ave,Subscriber,1992,male
1003,2016-09-28T14:47:47,2016-09-28T15:04:30,Duane St & Greenwich St,E 2 St & 2 Ave,Subscriber,1984,female
1091,2016-09-15T15:21:52,2016-09-15T15:40:03,Duane St & Greenwich St,E 2 St & 2 Ave,Subscriber,1984,female
781,2016-08-02T18:44:26,2016-08-02T18:57:28,W 18 St & 6 Ave,E 2 St & 2 Ave,Subscriber,1974,male
597,2016-08-11T20:04:35,2016-08-11T20:14:33,E 31 St & 3 Ave,E 2 St & 2 Ave,Subscriber,1990,male
816,2016-09-15T21:11:36,2016-09-15T21:25:12,Franklin St & W Broadway,E 2 St & 2 Ave,Subscriber,1988,male
1591,2016-08-01T13:41:44,2016-08-01T14:08:15,Clinton St & Joralemon St,E 2 St & 2 Ave,Subscriber,1970,male
1169,2016-09-28T10:22:30,2016-09-28T10:42:00,1 Ave & E 30 St,E 2 St & 2 Ave,Subscriber,1963,female
739,2016-08-18T17:12:55,2016-08-18T17:25:14,1 Ave & E 30 St,E 2 St & 2 Ave,Subscriber,1979,male
92,2016-08-20T17:09:50,2016-08-20T17:11:23,E 2 St & 2 Ave,E 2 St & 2 Ave,Subscriber,1981,male
1145,2016-09-10T18:30:21,2016-09-10T18:49:26,Clark St & Henry St,E 2 St & 2 Ave,Subscriber,1968,male
129,2016-09-30T08:40:37,2016-09-30T08:42:47,St Marks Pl & 2 Ave,E 2 St & 2 Ave,Subscriber,1982,male
208,2016-08-27T18:43:42,2016-08-27T18:47:10,St Marks Pl & 2 Ave,E 2 St & 2 Ave,Subscriber,1985,male
163,2016-07-13T07:42:47,2016-07-13T07:45:31,St Marks Pl & 2 Ave,E 2 St & 2 Ave,Subscriber,1988,male
919,2016-07-15T17:38:38,2016-07-15T17:53:57,E 20 St & 2 Ave,E 2 St & 2 Ave,Subscriber,1982,male
362,2016-09-15T09:26:27,2016-09-15T09:32:30,E 20 St & 2 Ave,E 2 St & 2 Ave,Subscriber,1982,male
567,2016-09-06T22:26:33,2016-09-06T22:36:01,E 20 St & 2 Ave,E 2 St & 2 Ave,Subscriber,1985,female
453,2016-08-22T14:38:30,2016-08-22T14:46:03,E 20 St & 2 Ave,E 2 St & 2 Ave,Subscriber,1985,female
470,2016-08-08T20:13:28,2016-08-08T20:21:18,Cleveland Pl & Spring St,E 2 St & 2 Ave,Subscriber,1974,male
1157,2016-09-08T08:02:23,2016-09-08T08:21:40,W 42 St & Dyer Ave,E 2 St & 2 Ave,Subscriber,1968,male
2236,2016-09-26T13:11:52,2016-09-26T13:49:09,8 Ave & W 31 St,E 2 St & 2 Ave,Subscriber,1945,female
717,2016-07-31T18:12:34,2016-07-31T18:24:32,E 17 St & Broadway,E 2 St & 2 Ave,Subscriber,1991,female
546,2016-09-12T14:35:16,2016-09-12T14:44:23,E 17 St & Broadway,E 2 St & 2 Ave,Subscriber,1959,male
815,2016-07-11T19:23:46,2016-07-11T19:37:22,E 17 St & Broadway,E 2 St & 2 Ave,Subscriber,1986,male
309,2016-08-23T08:34:49,2016-08-23T08:39:58,E 11 St & 2 Ave,E 2 St & 2 Ave,Subscriber,1983,female
1294,2016-08-29T14:50:37,2016-08-29T15:12:12,E 51 St & Lexington Ave,E 2 St & 2 Ave,Subscriber,1988,female
340,2016-09-17T08:27:18,2016-09-17T08:32:58,Avenue D & E 3 St,E 2 St & 2 Ave,Subscriber,1952,male
342,2016-07-23T09:15:44,2016-07-23T09:21:27,Avenue D & E 3 St,E 2 St & 2 Ave,Subscriber,1952,male
265,2016-08-11T18:15:32,2016-08-11T18:19:57,Avenue D & E 3 St,E 2 St & 2 Ave,Subscriber,1992,male
1536,2016-08-25T16:49:00,2016-08-25T17:14:37,W 34 St & 11 Ave,E 2 St & 2 Ave,Subscriber,1975,male
606,2016-09-13T15:35:17,2016-09-13T15:45:24,Madison St & Clinton St,E 2 St & 2 Ave,Subscriber,1964,male
980,2016-09-17T16:23:53,2016-09-17T16:40:14,Stagg St & Union Ave,E 2 St & 2 Ave,Subscriber,1988,male
698,2016-09-21T18:33:41,2016-09-21T18:45:20,E 10 St & Avenue A,E 2 St & 2 Ave,Subscriber,1976,male
675,2016-08-20T08:20:10,2016-08-20T08:31:25,W 13 St & 6 Ave,E 2 St & 2 Ave,Subscriber,1951,female
599,2016-08-14T08:12:52,2016-08-14T08:22:51,W 13 St & 6 Ave,E 2 St & 2 Ave,Subscriber,1951,female
605,2016-09-12T14:05:36,2016-09-12T14:15:42,W 13 St & 6 Ave,E 2 St & 2 Ave,Subscriber,1958,male
776,2016-07-22T11:47:32,2016-07-22T12:00:29,W 13 St & 6 Ave,E 2 St & 2 Ave,Subscriber,1982,female
750,2016-07-12T19:26:38,2016-07-12T19:39:09,W 13 St & 6 Ave,E 2 St & 2 Ave,Subscriber,1981,male
216,2016-09-29T08:49:38,2016-09-29T08:53:14,E 2 St & Avenue B,E 2 St & 2 Ave,Subscriber,1953,male
219,2016-08-28T13:03:23,2016-08-28T13:07:03,E 2 St & Avenue B,E 2 St & 2 Ave,Subscriber,1989,male
1030,2016-09-22T23:00:10,2016-09-22T23:17:21,8 Ave & W 33 St,E 2 St & 2 Ave,Subscriber,1992,male
747,2016-08-05T10:12:21,2016-08-05T10:24:48,8 Ave & W 33 St,E 2 St & 2 Ave,Subscriber,1994,male
1332,2016-07-14T17:57:28,2016-07-14T18:19:41,8 Ave & W 33 St,E 2 St & 2 Ave,Subscriber,1979,male
806,2016-09-15T17:23:50,2016-09-15T17:37:17,E 25 St & 2 Ave,E 2 St & 2 Ave,Subscriber,1984,female
629,2016-08-30T16:54:44,2016-08-30T17:05:13,E 25 St & 2 Ave,E 2 St & 2 Ave,Subscriber,1982,female
1477,2016-08-06T20:34:58,2016-08-06T20:59:35,1 Ave & E 68 St,E 2 St & 2 Ave,Subscriber,1973,male
2976,2016-08-11T17:30:57,2016-08-11T18:20:34,1 Ave & E 68 St,E 2 St & 2 Ave,Subscriber,1981,male
1196,2016-09-18T17:42:58,2016-09-18T18:02:54,1 Ave & E 68 St,E 2 St & 2 Ave,Subscriber,1990,male
317,2016-08-25T06:51:31,2016-08-25T06:56:49,E 2 St & Avenue C,E 2 St & 2 Ave,Subscriber,1959,female
435,2016-08-12T08:33:39,2016-08-12T08:40:55,E 2 St & Avenue C,E 2 St & 2 Ave,Subscriber,1965,male
602,2016-09-14T16:41:46,2016-09-14T16:51:48,E 2 St & Avenue C,E 2 St & 2 Ave,Subscriber,1972,male
314,2016-09-07T23:48:35,2016-09-07T23:53:49,E 2 St & Avenue C,E 2 St & 2 Ave,Subscriber,1990,male
734,2016-09-01T20:23:53,2016-09-01T20:36:08,E 2 St & Avenue C,E 2 St & 2 Ave,Subscriber,1992,male
666,2016-07-17T18:25:28,2016-07-17T18:36:35,Greenwich Ave & Charles St,E 2 St & 2 Ave,Subscriber,1986,male
1656,2016-09-27T13:47:30,2016-09-27T14:15:06,E 33 St & 2 Ave,E 2 St & 2 Ave,Subscriber,1940,male
617,2016-09-17T13:51:56,2016-09-17T14:02:13,E 33 St & 2 Ave,E 2 St & 2 Ave,Subscriber,1982,male
1557,2016-09-24T14:50:30,2016-09-24T15:16:28,N 8 St & Driggs Ave,E 2 St & 2 Ave,Subscriber,1983,male
815,2016-08-17T21:37:03,2016-08-17T21:50:39,E 20 St & FDR Drive,E 2 St & 2 Ave,Subscriber,1994,male
495,2016-08-17T09:57:11,2016-08-17T10:05:27,E 27 St & 1 Ave,E 2 St & 2 Ave,Subscriber,1961,male
1065,2016-08-23T18:02:40,2016-08-23T18:20:25,E 7 St & Avenue A,E 2 St & 2 Ave,Subscriber,1964,male
343,2016-07-29T12:12:02,2016-07-29T12:17:45,E 7 St & Avenue A,E 2 St & 2 Ave,Subscriber,1981,female
549,2016-07-20T11:08:02,2016-07-20T11:17:12,E 7 St & Avenue A,E 2 St & 2 Ave,Subscriber,1984,male
904,2016-08-03T22:35:15,2016-08-03T22:50:20,W 20 St & 7 Ave,E 2 St & 2 Ave,Subscriber,1992,male
608,2016-09-11T18:20:21,2016-09-11T18:30:29,W 20 St & 7 Ave,E 2 St & 2 Ave,Subscriber,1994,male
223,2016-09-13T14:03:22,2016-09-13T14:07:05,Lafayette St & Jersey St,E 2 St & 2 Ave,Subscriber,1972,female
292,2016-09-11T09:17:08,2016-09-11T09:22:00,Lafayette St & Jersey St,E 2 St & 2 Ave,Subscriber,1979,female
210,2016-09-11T11:13:13,2016-09-11T11:16:43,Lafayette St & Jersey St,E 2 St & 2 Ave,Subscriber,1988,male
807,2016-09-28T14:54:04,2016-09-28T15:07:31,Broadway & E 22 St,E 2 St & 2 Ave,Subscriber,1989,female
730,2016-09-14T23:53:59,2016-09-15T00:06:09,W 11 St & 6 Ave,E 2 St & 2 Ave,Subscriber,1979,male
934,2016-09-04T18:19:28,2016-09-04T18:35:03,1 Ave & E 44 St,E 2 St & 2 Ave,Subscriber,1989,male
1090,2016-09-17T01:37:18,2016-09-17T01:55:29,University Pl & E 14 St,E 2 St & 2 Ave,Subscriber,1993,male
795,2016-07-23T14:51:05,2016-07-23T15:04:20,E 25 St & 1 Ave,E 2 St & 2 Ave,Subscriber,1986,female
389,2016-08-10T09:52:47,2016-08-10T09:59:17,Division St & Bowery,E 2 St & 2 Ave,Subscriber,1988,female
1519,2016-09-17T20:58:43,2016-09-17T21:24:02,W 26 St & 8 Ave,E 2 St & 2 Ave,Subscriber,1975,male
504,2016-09-10T16:29:58,2016-09-10T16:38:23,Mercer St & Spring St,E 2 St & 2 Ave,Subscriber,1991,male
490,2016-08-12T22:14:09,2016-08-12T22:22:19,Mercer St & Spring St,E 2 St & 2 Ave,Subscriber,1992,male
905,2016-09-29T13:16:28,2016-09-29T13:31:33,5 Ave & E 29 St,E 2 St & 2 Ave,Subscriber,1989,female
419,2016-08-19T19:43:48,2016-08-19T19:50:48,Howard St & Centre St,E 2 St & 2 Ave,Subscriber,1983,male
445,2016-09-20T19:55:00,2016-09-20T20:02:26,Cooper Square & E 7 St,E 2 St & 2 Ave,Subscriber,1987,male
648,2016-08-22T16:23:03,2016-08-22T16:33:51,Canal St & Rutgers St,E 2 St & 2 Ave,Subscriber,1974,male
930,2016-07-18T18:05:06,2016-07-18T18:20:36,William St & Pine St,E 2 St & 2 Ave,Subscriber,1967,male
783,2016-07-10T16:21:29,2016-07-10T16:34:32,E 39 St & 2 Ave,E 2 St & 2 Ave,Subscriber,1990,male
1042,2016-09-09T17:52:22,2016-09-09T18:09:45,Lexington Ave & E 24 St,E 2 St & 2 Ave,Subscriber,1995,male
172,2016-08-19T17:04:00,2016-08-19T17:06:52,E 3 St & 1 Ave,E 2 St & 2 Ave,Subscriber,1996,female
1107,2016-07-15T16:59:46,2016-07-15T17:18:13,E 48 St & 3 Ave,E 2 St & 2 Ave,Subscriber,1955,male
1004,2016-07-11T17:39:54,2016-07-11T17:56:39,E 48 St & 3 Ave,E 2 St & 2 Ave,Subscriber,1992,male
940,2016-07-12T17:42:08,2016-07-12T17:57:49,E 48 St & 3 Ave,E 2 St & 2 Ave,Subscriber,1992,male
477,2016-08-19T22:28:16,2016-08-19T22:36:14,LaGuardia Pl & W 3 St,E 2 St & 2 Ave,Subscriber,1984,male
295,2016-09-23T18:15:28,2016-09-23T18:20:24,LaGuardia Pl & W 3 St,E 2 St & 2 Ave,Subscriber,1986,male
356,2016-09-30T22:59:48,2016-09-30T23:05:44,LaGuardia Pl & W 3 St,E 2 St & 2 Ave,Subscriber,1987,male
745,2016-09-18T20:49:22,2016-09-18T21:01:48,Front St & Maiden Ln,E 2 St & 2 Ave,Subscriber,1983,female
695,2016-07-12T17:20:32,2016-07-12T17:32:07,Perry St & Bleecker St,E 2 St & 2 Ave,Subscriber,1966,male
422,2016-07-25T13:58:27,2016-07-25T14:05:29,Sullivan St & Washington Sq,E 2 St & 2 Ave,Subscriber,1976,male
307,2016-07-14T16:39:35,2016-07-14T16:44:42,Sullivan St & Washington Sq,E 2 St & 2 Ave,Subscriber,1983,male
1177,2016-09-27T13:49:19,2016-09-27T14:08:56,Greenwich St & Warren St,E 2 St & 2 Ave,Subscriber,1974,male
1319,2016-09-21T16:54:16,2016-09-21T17:16:15,Old Slip & Front St,E 2 St & 2 Ave,Subscriber,1990,female
326,2016-08-01T20:04:56,2016-08-01T20:10:22,E 11 St & Broadway,E 2 St & 2 Ave,Subscriber,1989,male
336,2016-07-15T15:40:06,2016-07-15T15:45:43,Broadway & E 14 St,E 2 St & 2 Ave,Subscriber,1989,male
276,2016-09-08T16:46:03,2016-09-08T16:50:39,Broadway & E 14 St,E 2 St & 2 Ave,Subscriber,1996,male
1396,2016-07-08T19:40:30,2016-07-08T20:03:47,Broadway & W 24 St,E 2 St & 2 Ave,Subscriber,1973,male
1684,2016-07-31T14:04:31,2016-07-31T14:32:36,Broadway & W 24 St,E 2 St & 2 Ave,Subscriber,1976,male
721,2016-08-18T15:51:07,2016-08-18T16:03:09,Broadway & W 24 St,E 2 St & 2 Ave,Subscriber,1986,male
844,2016-09-25T21:16:47,2016-09-25T21:30:51,Washington Pl & 6 Ave,E 2 St & 2 Ave,Subscriber,1987,male
638,2016-09-12T15:05:26,2016-09-12T15:16:04,W 13 St & Hudson St,E 2 St & 2 Ave,Subscriber,1995,female
1846,2016-07-30T14:11:04,2016-07-30T14:41:50,Old Fulton St,E 2 St & 2 Ave,Subscriber,1977,male
1181,2016-09-04T22:37:01,2016-09-04T22:56:43,Broadway & W 32 St,E 2 St & 2 Ave,Subscriber,1996,male
1488,2016-08-22T17:59:55,2016-08-22T18:24:44,Lawrence St & Willoughby St,E 2 St & 2 Ave,Subscriber,1976,male
519,2016-09-09T14:05:32,2016-09-09T14:14:12,Carmine St & 6 Ave,E 2 St & 2 Ave,Subscriber,1965,male
360,2016-09-18T13:04:19,2016-09-18T13:10:20,Carmine St & 6 Ave,E 2 St & 2 Ave,Subscriber,1993,male
409,2016-09-22T15:09:25,2016-09-22T15:16:14,Carmine St & 6 Ave,E 2 St & 2 Ave,Subscriber,1956,male
368,2016-08-20T08:35:42,2016-08-20T08:41:50,Lafayette St & E 8 St,E 2 St & 2 Ave,Subscriber,1991,female
431,2016-09-28T16:27:48,2016-09-28T16:35:00,Mercer St & Bleecker St,E 2 St & 2 Ave,Subscriber,1964,female
434,2016-08-31T20:43:53,2016-08-31T20:51:07,Mercer St & Bleecker St,E 2 St & 2 Ave,Subscriber,1988,female
813,2016-09-07T17:34:55,2016-09-07T17:48:28,Allen St & Hester St,E 2 St & 2 Ave,Subscriber,1981,female
1671,2016-09-22T16:09:00,2016-09-22T16:36:51,Broadway & W 49 St,E 2 St & 2 Ave,Subscriber,1969,male
612,2016-07-15T14:51:31,2016-07-15T15:01:43,E 11 St & 1 Ave,E 2 St & 2 Ave,Subscriber,1983,male
285,2016-07-18T08:34:52,2016-07-18T08:39:38,E 11 St & 1 Ave,E 2 St & 2 Ave,Subscriber,1990,male
449,2016-07-29T23:49:02,2016-07-29T23:56:31,E 11 St & 1 Ave,E 2 St & 2 Ave,Subscriber,1988,female
307,2016-09-13T14:48:25,2016-09-13T14:53:33,E 11 St & 1 Ave,E 2 St & 2 Ave,Subscriber,1986,female
732,2016-08-31T17:19:49,2016-08-31T17:32:02,E 16 St & 5 Ave,E 2 St & 2 Ave,Subscriber,1988,male
1334,2016-09-25T14:47:08,2016-09-25T15:09:23,FDR Drive & E 35 St,E 2 St & 2 Ave,Subscriber,1978,male
283,2016-08-27T17:07:48,2016-08-27T17:12:32,E 6 St & Avenue B,E 2 St & 2 Ave,Subscriber,1989,male
554,2016-08-25T18:20:24,2016-08-25T18:29:39,6 Ave & Canal St,E 2 St & 2 Ave,Subscriber,1984,unknown
572,2016-08-23T13:32:10,2016-08-23T13:41:43,W 13 St & 5 Ave,E 2 St & 2 Ave,Subscriber,1973,male
547,2016-08-05T15:44:33,2016-08-05T15:53:41,MacDougal St & Prince St,E 2 St & 2 Ave,Subscriber,1968,female
229,2016-09-28T07:08:36,2016-09-28T07:12:25,E 5 St & Avenue C,E 2 St & 2 Ave,Subscriber,1991,male
341,2016-09-27T08:03:54,2016-09-27T08:09:35,E 5 St & Avenue C,E 2 St & 2 Ave,Subscriber,1992,male
788,2016-08-04T13:25:31,2016-08-04T13:38:39,Bank St & Hudson St,E 2 St & 2 Ave,Subscriber,1988,female
676,2016-09-14T06:30:55,2016-09-14T06:42:11,W 21 St & 6 Ave,E 2 St & 2 Ave,Subscriber,1990,male
546,2016-09-17T00:06:30,2016-09-17T00:15:37,W 21 St & 6 Ave,E 2 St & 2 Ave,Subscriber,1987,male
948,2016-08-25T18:39:36,2016-08-25T18:55:25,W 33 St & 7 Ave,E 2 St & 2 Ave,Subscriber,1970,male
239,2017-04-27T15:12:54,2017-04-27T15:16:54,W 52 St & 5 Ave,E 53 St & 3 Ave,Subscriber,1964,male
247,2017-04-05T14:46:33,2017-04-05T14:50:41,W 52 St & 5 Ave,E 53 St & 3 Ave,Subscriber,1985,male
2023,2018-05-15T08:39:13.215000,2018-05-15T09:12:57.030000,Liberty St & Broadway,E 53 St & 3 Ave,Subscriber,1966,male
1695,2017-07-19T07:34:13,2017-07-19T08:02:29,Barrow St & Hudson St,E 53 St & 3 Ave,Subscriber,1988,male
2402,2017-06-16T14:58:41,2017-06-16T15:38:44,W 20 St & 8 Ave,E 53 St & 3 Ave,Subscriber,1985,male
1205,2018-05-24T07:12:42.040000,2018-05-24T07:32:47.624000,1 Ave & E 16 St,E 53 St & 3 Ave,Subscriber,1993,female
537,2017-12-02T20:35:53,2017-12-02T20:44:50,Broadway & W 53 St,E 53 St & 3 Ave,Subscriber,1990,female
429,2017-07-05T08:04:23,2017-07-05T08:11:32,Broadway & W 53 St,E 53 St & 3 Ave,Subscriber,1992,male
516,2018-05-24T14:40:33.843000,2018-05-24T14:49:10.721000,Broadway & W 53 St,E 53 St & 3 Ave,Subscriber,1991,male
198,2018-04-19T09:48:34.769000,2018-04-19T09:51:53.051000,E 58 St & 3 Ave,E 53 St & 3 Ave,Subscriber,1969,male
944,2017-07-13T14:49:46,2017-07-13T15:05:31,W 27 St & 7 Ave,E 53 St & 3 Ave,Subscriber,1963,male
1135,2017-11-21T07:43:34,2017-11-21T08:02:29,W 27 St & 7 Ave,E 53 St & 3 Ave,Subscriber,1987,female
306,2017-11-09T17:41:15,2017-11-09T17:46:21,W 52 St & 6 Ave,E 53 St & 3 Ave,Subscriber,1966,female
363,2017-10-03T08:27:02,2017-10-03T08:33:05,W 52 St & 6 Ave,E 53 St & 3 Ave,Subscriber,1955,male
445,2017-04-27T11:57:16,2017-04-27T12:04:41,W 52 St & 6 Ave,E 53 St & 3 Ave,Subscriber,1966,male
365,2018-03-15T14:49:21.619000,2018-03-15T14:55:27.279000,W 52 St & 6 Ave,E 53 St & 3 Ave,Subscriber,1973,male
300,2018-05-03T16:23:28.419000,2018-05-03T16:28:29.165000,W 52 St & 6 Ave,E 53 St & 3 Ave,Subscriber,1974,male
392,2017-08-18T17:59:35,2017-08-18T18:06:07,W 52 St & 6 Ave,E 53 St & 3 Ave,Subscriber,1980,male
333,2018-05-18T11:44:50.049000,2018-05-18T11:50:23.567000,W 52 St & 6 Ave,E 53 St & 3 Ave,Subscriber,1988,male
444,2017-10-26T20:43:35,2017-10-26T20:50:59,W 52 St & 6 Ave,E 53 St & 3 Ave,Subscriber,1994,female
802,2017-08-12T10:24:12,2017-08-12T10:37:35,W 43 St & 10 Ave,E 53 St & 3 Ave,Subscriber,1992,female
724,2017-09-12T13:25:57,2017-09-12T13:38:02,E 76 St & 3 Ave,E 53 St & 3 Ave,Subscriber,1989,male
776,2018-04-23T08:17:21.319000,2018-04-23T08:30:18.036000,E 19 St & 3 Ave,E 53 St & 3 Ave,Subscriber,1985,female
745,2017-07-17T08:37:52,2017-07-17T08:50:18,E 19 St & 3 Ave,E 53 St & 3 Ave,Subscriber,1989,male
1697,2017-11-10T08:41:01,2017-11-10T09:09:19,Central Park West & W 100 St,E 53 St & 3 Ave,Subscriber,1981,male
942,2017-09-25T07:52:43,2017-09-25T08:08:26,E 93 St & 2 Ave,E 53 St & 3 Ave,Subscriber,1979,male
1628,2018-04-11T08:06:42.643000,2018-04-11T08:33:51.019000,Jay St & Tech Pl,E 53 St & 3 Ave,Subscriber,1967,female
785,2017-10-13T09:14:50,2017-10-13T09:27:55,W 52 St & 9 Ave,E 53 St & 3 Ave,Subscriber,1980,male
789,2017-10-20T14:43:25,2017-10-20T14:56:35,W 52 St & 9 Ave,E 53 St & 3 Ave,Subscriber,1975,male
554,2017-04-13T07:48:59,2017-04-13T07:58:13,W 52 St & 9 Ave,E 53 St & 3 Ave,Subscriber,1985,male
490,2017-06-24T23:17:07,2017-06-24T23:25:18,W 52 St & 9 Ave,E 53 St & 3 Ave,Subscriber,1991,female
1479,2017-10-02T08:05:12,2017-10-02T08:29:51,31 St & Broadway,E 53 St & 3 Ave,Subscriber,1960,male
345,2017-11-20T16:13:56,2017-11-20T16:19:42,E 60 St & York Ave,E 53 St & 3 Ave,Subscriber,1966,male
309,2018-01-19T14:14:20.820000,2018-01-19T14:19:30.099000,E 60 St & York Ave,E 53 St & 3 Ave,Subscriber,1966,male
347,2017-10-18T10:12:03,2017-10-18T10:17:50,E 60 St & York Ave,E 53 St & 3 Ave,Subscriber,1971,male
1485,2017-09-18T17:50:01,2017-09-18T18:14:47,W 31 St & 7 Ave,E 53 St & 3 Ave,Subscriber,1983,male
1064,2017-06-13T15:49:40,2017-06-13T16:07:24,W 31 St & 7 Ave,E 53 St & 3 Ave,Subscriber,1963,female
773,2017-08-17T08:10:48,2017-08-17T08:23:41,E 89 St & 3 Ave,E 53 St & 3 Ave,Subscriber,1989,male
936,2018-05-15T08:16:48.452000,2018-05-15T08:32:24.828000,E 89 St & 3 Ave,E 53 St & 3 Ave,Subscriber,1989,male
398,2017-08-12T14:18:40,2017-08-12T14:25:18,E 31 St & 3 Ave,E 53 St & 3 Ave,Subscriber,1964,female
711,2018-05-05T12:10:12.122000,2018-05-05T12:22:03.865000,E 31 St & 3 Ave,E 53 St & 3 Ave,Subscriber,1994,female
344,2017-07-12T22:24:57,2017-07-12T22:30:41,E 31 St & 3 Ave,E 53 St & 3 Ave,Subscriber,1993,male
338,2017-08-14T19:07:04,2017-08-14T19:12:43,E 31 St & 3 Ave,E 53 St & 3 Ave,Subscriber,1995,male
552,2017-10-15T14:53:37,2017-10-15T15:02:49,E 31 St & 3 Ave,E 53 St & 3 Ave,Subscriber,1991,male
465,2017-05-30T19:40:49,2017-05-30T19:48:34,E 31 St & 3 Ave,E 53 St & 3 Ave,Subscriber,1992,male
2248,2017-09-29T18:01:48,2017-09-29T18:39:17,Franklin St & W Broadway,E 53 St & 3 Ave,Subscriber,1982,male
509,2017-11-16T10:26:46,2017-11-16T10:35:15,1 Ave & E 30 St,E 53 St & 3 Ave,Subscriber,1991,male
768,2017-05-23T08:57:17,2017-05-23T09:10:06,1 Ave & E 30 St,E 53 St & 3 Ave,Subscriber,1990,female
403,2018-04-12T19:08:09.300000,2018-04-12T19:14:53.199000,Grand Army Plaza & Central Park S,E 53 St & 3 Ave,Subscriber,1975,male
415,2018-02-19T14:07:36.262000,2018-02-19T14:14:31.292000,Grand Army Plaza & Central Park S,E 53 St & 3 Ave,Subscriber,1991,male
635,2018-03-19T08:35:33.701000,2018-03-19T08:46:09.460000,Broadway & W 41 St,E 53 St & 3 Ave,Subscriber,1975,male
537,2017-12-07T08:45:47,2017-12-07T08:54:45,Broadway & W 41 St,E 53 St & 3 Ave,Subscriber,1983,male
947,2018-03-29T08:25:57.109000,2018-03-29T08:41:44.719000,E 23 St & 1 Ave,E 53 St & 3 Ave,Subscriber,1960,female
951,2017-06-08T08:20:17,2017-06-08T08:36:08,E 23 St & 1 Ave,E 53 St & 3 Ave,Subscriber,1960,female
842,2017-10-09T08:47:30,2017-10-09T09:01:32,E 23 St & 1 Ave,E 53 St & 3 Ave,Subscriber,1968,female
773,2017-12-06T16:14:29,2017-12-06T16:27:23,E 23 St & 1 Ave,E 53 St & 3 Ave,Subscriber,1974,female
727,2018-03-05T07:01:21.020000,2018-03-05T07:13:28.603000,E 23 St & 1 Ave,E 53 St & 3 Ave,Subscriber,1983,male
313,2017-11-06T06:54:18,2017-11-06T06:59:32,3 Ave & E 62 St,E 53 St & 3 Ave,Subscriber,1994,male
625,2018-02-14T18:49:46.427000,2018-02-14T19:00:11.753000,9 Ave & W 45 St,E 53 St & 3 Ave,Subscriber,1971,male
656,2017-09-13T07:45:51,2017-09-13T07:56:48,9 Ave & W 45 St,E 53 St & 3 Ave,Subscriber,1979,male
2419,2018-04-12T20:06:45.837000,2018-04-12T20:47:05.574000,9 Ave & W 45 St,E 53 St & 3 Ave,Subscriber,1992,male
551,2017-08-22T10:17:28,2017-08-22T10:26:39,E 71 St & 1 Ave,E 53 St & 3 Ave,Subscriber,1969,male
1221,2017-11-06T19:05:30,2017-11-06T19:25:51,8 Ave & W 16 St,E 53 St & 3 Ave,Subscriber,1977,female
660,2018-01-24T07:52:39.866000,2018-01-24T08:03:40.300000,E 84 St & 1 Ave,E 53 St & 3 Ave,Subscriber,1987,male
703,2017-07-30T13:38:35,2017-07-30T13:50:19,E 20 St & 2 Ave,E 53 St & 3 Ave,Subscriber,1977,male
1222,2018-03-13T16:26:28.089000,2018-03-13T16:46:50.101000,E 20 St & 2 Ave,E 53 St & 3 Ave,Subscriber,1970,male
598,2017-05-30T08:23:16,2017-05-30T08:33:14,E 20 St & 2 Ave,E 53 St & 3 Ave,Subscriber,1977,female
1323,2017-07-25T09:38:35,2017-07-25T10:00:39,Cleveland Pl & Spring St,E 53 St & 3 Ave,Subscriber,1994,male
1222,2017-12-07T10:56:03,2017-12-07T11:16:25,11 Ave & W 27 St,E 53 St & 3 Ave,Subscriber,1961,male
736,2018-05-07T06:38:43.805000,2018-05-07T06:50:59.915000,W 42 St & Dyer Ave,E 53 St & 3 Ave,Subscriber,1962,male
815,2018-05-15T06:32:31.924000,2018-05-15T06:46:07.440000,W 42 St & Dyer Ave,E 53 St & 3 Ave,Subscriber,1970,male
714,2018-05-25T06:34:11.866000,2018-05-25T06:46:06.452000,W 42 St & Dyer Ave,E 53 St & 3 Ave,Subscriber,1980,male
917,2018-05-08T12:37:27.726000,2018-05-08T12:52:45.534000,W 42 St & Dyer Ave,E 53 St & 3 Ave,Subscriber,1995,male
199,2017-08-25T13:27:56,2017-08-25T13:31:15,E 51 St & 1 Ave,E 53 St & 3 Ave,Subscriber,1957,male
144,2017-06-23T13:47:59,2017-06-23T13:50:23,E 51 St & 1 Ave,E 53 St & 3 Ave,Subscriber,1969,male
209,2017-10-21T19:47:44,2017-10-21T19:51:14,E 51 St & 1 Ave,E 53 St & 3 Ave,Subscriber,1974,male
355,2017-10-25T13:40:45,2017-10-25T13:46:41,E 51 St & 1 Ave,E 53 St & 3 Ave,Subscriber,1989,male
122,2018-02-12T17:15:51.798000,2018-02-12T17:17:54.500000,E 51 St & 1 Ave,E 53 St & 3 Ave,Subscriber,1985,male
176,2017-08-21T10:22:37,2017-08-21T10:25:33,E 51 St & 1 Ave,E 53 St & 3 Ave,Subscriber,1985,male
508,2018-05-21T07:45:13.031000,2018-05-21T07:53:41.567000,E 51 St & 1 Ave,E 53 St & 3 Ave,Subscriber,1990,male
144,2017-07-13T08:41:37,2017-07-13T08:44:02,E 51 St & 1 Ave,E 53 St & 3 Ave,Subscriber,1993,male
751,2017-11-27T18:28:06,2017-11-27T18:40:38,E 24 St & Park Ave S,E 53 St & 3 Ave,Subscriber,1986,male
502,2018-02-03T09:13:45.354000,2018-02-03T09:22:08.321000,W 54 St & 9 Ave,E 53 St & 3 Ave,Subscriber,1967,male
768,2017-12-23T15:50:20,2017-12-23T16:03:08,W 54 St & 9 Ave,E 53 St & 3 Ave,Subscriber,1982,male
413,2017-12-13T18:07:40,2017-12-13T18:14:33,W 44 St & 5 Ave,E 53 St & 3 Ave,Subscriber,1982,male
412,2017-09-18T08:08:32,2017-09-18T08:15:24,W 44 St & 5 Ave,E 53 St & 3 Ave,Subscriber,1979,male
1158,2018-02-16T18:22:27.143000,2018-02-16T18:41:45.157000,8 Ave & W 31 St,E 53 St & 3 Ave,Subscriber,1975,male
865,2017-08-01T23:48:21,2017-08-02T00:02:46,8 Ave & W 31 St,E 53 St & 3 Ave,Subscriber,1990,female
1245,2017-07-25T12:02:55,2017-07-25T12:23:40,E 39 St & 3 Ave,E 53 St & 3 Ave,Subscriber,1960,male
716,2017-06-10T13:45:54,2017-06-10T13:57:51,E 39 St & 3 Ave,E 53 St & 3 Ave,Customer,1966,male
418,2017-04-20T13:16:03,2017-04-20T13:23:02,E 39 St & 3 Ave,E 53 St & 3 Ave,Subscriber,1977,male
363,2017-09-01T08:46:53,2017-09-01T08:52:57,E 39 St & 3 Ave,E 53 St & 3 Ave,Subscriber,1984,male
275,2018-03-03T12:15:57.968000,2018-03-03T12:20:33.289000,E 39 St & 3 Ave,E 53 St & 3 Ave,Subscriber,1985,male
384,2018-05-29T11:49:42.194000,2018-05-29T11:56:06.656000,E 39 St & 3 Ave,E 53 St & 3 Ave,Subscriber,1987,male
1110,2017-12-07T14:18:04,2017-12-07T14:36:34,E 11 St & 2 Ave,E 53 St & 3 Ave,Subscriber,1956,male
1209,2017-12-14T08:22:55,2017-12-14T08:43:04,E 11 St & 2 Ave,E 53 St & 3 Ave,Subscriber,1963,male
205,2018-04-19T16:11:34.512000,2018-04-19T16:14:59.608000,E 51 St & Lexington Ave,E 53 St & 3 Ave,Subscriber,1971,male
274,2018-04-19T12:52:22.714000,2018-04-19T12:56:56.715000,E 51 St & Lexington Ave,E 53 St & 3 Ave,Subscriber,1971,male
128,2017-06-22T08:11:31,2017-06-22T08:13:39,E 51 St & Lexington Ave,E 53 St & 3 Ave,Subscriber,1975,male
770,2017-06-27T11:42:05,2017-06-27T11:54:56,E 51 St & Lexington Ave,E 53 St & 3 Ave,Subscriber,1994,female
444,2017-12-22T20:27:04,2017-12-22T20:34:28,Central Park S & 6 Ave,E 53 St & 3 Ave,Subscriber,1982,male
1003,2018-04-07T12:11:30.757000,2018-04-07T12:28:14.464000,W 78 St & Broadway,E 53 St & 3 Ave,Subscriber,1967,male
1209,2017-12-03T08:26:28,2017-12-03T08:46:37,W 78 St & Broadway,E 53 St & 3 Ave,Customer,1978,male
1076,2017-10-26T08:47:33,2017-10-26T09:05:29,W 84 St & Broadway,E 53 St & 3 Ave,Subscriber,1985,male
1553,2018-04-22T15:09:22.811000,2018-04-22T15:35:16.454000,W 76 St & Columbus Ave,E 53 St & 3 Ave,Subscriber,1979,male
491,2017-06-13T16:35:00,2017-06-13T16:43:12,E 40 St & 5 Ave,E 53 St & 3 Ave,Subscriber,1985,female
552,2017-06-30T10:51:01,2017-06-30T11:00:14,E 40 St & 5 Ave,E 53 St & 3 Ave,Subscriber,1990,male
1266,2017-10-23T08:33:32,2017-10-23T08:54:39,Columbus Ave & W 72 St,E 53 St & 3 Ave,Subscriber,1985,male
995,2018-05-09T09:40:28.575000,2018-05-09T09:57:04.455000,Columbus Ave & W 72 St,E 53 St & 3 Ave,Customer,1986,female
2070,2017-10-22T19:00:07,2017-10-22T19:34:38,Madison St & Clinton St,E 53 St & 3 Ave,Subscriber,1988,male
285,2017-08-19T21:32:41,2017-08-19T21:37:27,E 44 St & 2 Ave,E 53 St & 3 Ave,Subscriber,1988,male
531,2017-08-15T18:14:49,2017-08-15T18:23:41,E 44 St & 2 Ave,E 53 St & 3 Ave,Subscriber,1986,male
340,2017-09-13T16:43:01,2017-09-13T16:48:42,E 48 St & 5 Ave,E 53 St & 3 Ave,Subscriber,1973,male
250,2017-07-06T12:41:59,2017-07-06T12:46:10,E 48 St & 5 Ave,E 53 St & 3 Ave,Subscriber,1976,male
246,2017-04-24T16:04:24,2017-04-24T16:08:30,E 48 St & 5 Ave,E 53 St & 3 Ave,Subscriber,1985,male
618,2017-10-19T14:42:23,2017-10-19T14:52:41,E 48 St & 5 Ave,E 53 St & 3 Ave,Subscriber,1991,male
525,2017-09-18T17:54:45,2017-09-18T18:03:30,E 48 St & 5 Ave,E 53 St & 3 Ave,Subscriber,1995,male
366,2017-11-03T12:51:56,2017-11-03T12:58:02,E 48 St & 5 Ave,E 53 St & 3 Ave,Subscriber,1995,male
427,2017-04-21T14:02:16,2017-04-21T14:09:24,E 48 St & 5 Ave,E 53 St & 3 Ave,Subscriber,1995,male
694,2017-04-07T09:32:46,2017-04-07T09:44:21,E 72 St & York Ave,E 53 St & 3 Ave,Subscriber,1957,male
512,2018-03-27T16:49:58.535000,2018-03-27T16:58:31.267000,E 72 St & York Ave,E 53 St & 3 Ave,Subscriber,1970,male
572,2017-07-03T21:04:48,2017-07-03T21:14:20,W 59 St & 10 Ave,E 53 St & 3 Ave,Subscriber,1995,male
1286,2017-12-15T07:47:38,2017-12-15T08:09:05,E 10 St & Avenue A,E 53 St & 3 Ave,Subscriber,1963,male
1509,2017-06-01T00:03:25,2017-06-01T00:28:35,E 10 St & Avenue A,E 53 St & 3 Ave,Subscriber,1980,male
847,2017-08-19T17:16:36,2017-08-19T17:30:44,E 95 St & 3 Ave,E 53 St & 3 Ave,Subscriber,1960,male
790,2017-08-03T13:10:07,2017-08-03T13:23:18,W 37 St & 5 Ave,E 53 St & 3 Ave,Subscriber,1986,female
1604,2017-11-12T19:54:26,2017-11-12T20:21:10,W 37 St & 5 Ave,E 53 St & 3 Ave,Subscriber,1993,male
681,2018-02-08T18:59:21.186000,2018-02-08T19:10:42.968000,W 53 St & 10 Ave,E 53 St & 3 Ave,Subscriber,1985,male
673,2018-05-10T19:39:07.026000,2018-05-10T19:50:20.052000,W 53 St & 10 Ave,E 53 St & 3 Ave,Subscriber,1985,male
555,2018-05-31T06:12:37.168000,2018-05-31T06:21:52.664000,W 53 St & 10 Ave,E 53 St & 3 Ave,Subscriber,1988,male
626,2017-11-01T19:19:52,2017-11-01T19:30:18,W 53 St & 10 Ave,E 53 St & 3 Ave,Subscriber,1985,male
1541,2017-04-24T11:26:23,2017-04-24T11:52:05,Christopher St & Greenwich St,E 53 St & 3 Ave,Subscriber,1988,male
1852,2018-01-09T09:31:20.269000,2018-01-09T10:02:12.672000,Christopher St & Greenwich St,E 53 St & 3 Ave,Subscriber,1988,male
1299,2018-04-24T08:15:29.534000,2018-04-24T08:37:08.744000,Christopher St & Greenwich St,E 53 St & 3 Ave,Subscriber,1988,male
1571,2017-08-09T07:32:03,2017-08-09T07:58:15,Christopher St & Greenwich St,E 53 St & 3 Ave,Subscriber,1988,male
718,2017-10-06T08:34:38,2017-10-06T08:46:37,Broadway & W 36 St,E 53 St & 3 Ave,Subscriber,1961,male
756,2018-04-12T18:39:36.289000,2018-04-12T18:52:13.125000,Broadway & W 36 St,E 53 St & 3 Ave,Subscriber,1963,male
1103,2017-09-21T13:41:07,2017-09-21T13:59:31,Broadway & W 36 St,E 53 St & 3 Ave,Subscriber,1976,female
722,2018-05-29T08:42:43.045000,2018-05-29T08:54:45.256000,Broadway & W 36 St,E 53 St & 3 Ave,Subscriber,1990,male
778,2018-04-11T08:03:10.190000,2018-04-11T08:16:09.078000,E 85 St & York Ave,E 53 St & 3 Ave,Subscriber,1980,male
1218,2017-04-28T07:53:09,2017-04-28T08:13:27,W 70 St & Amsterdam Ave,E 53 St & 3 Ave,Subscriber,1982,male
1581,2018-05-07T06:47:32.195000,2018-05-07T07:13:53.890000,South St & Gouverneur Ln,E 53 St & 3 Ave,Subscriber,1969,male
397,2017-11-10T14:00:27,2017-11-10T14:07:04,Broadway & W 56 St,E 53 St & 3 Ave,Subscriber,1978,male
449,2017-11-16T09:30:05,2017-11-16T09:37:35,Broadway & W 56 St,E 53 St & 3 Ave,Subscriber,1987,unknown
785,2017-09-14T08:51:05,2017-09-14T09:04:11,Broadway & W 56 St,E 53 St & 3 Ave,Subscriber,1988,male
548,2018-03-03T17:41:19.332000,2018-03-03T17:50:28.104000,Broadway & W 56 St,E 53 St & 3 Ave,Subscriber,1991,female
412,2017-09-07T11:30:11,2017-09-07T11:37:04,Broadway & W 58 St,E 53 St & 3 Ave,Subscriber,1966,male
649,2018-04-20T08:02:25.770000,2018-04-20T08:13:15.461000,Broadway & W 58 St,E 53 St & 3 Ave,Subscriber,1981,male
399,2018-05-10T06:40:06.204000,2018-05-10T06:46:45.273000,Broadway & W 58 St,E 53 St & 3 Ave,Subscriber,1984,male
488,2017-07-06T09:27:33,2017-07-06T09:35:42,Broadway & W 58 St,E 53 St & 3 Ave,Subscriber,1984,male
603,2017-10-05T08:27:44,2017-10-05T08:37:48,Broadway & W 58 St,E 53 St & 3 Ave,Subscriber,1986,male
534,2017-12-29T15:21:07,2017-12-29T15:30:01,Broadway & W 58 St,E 53 St & 3 Ave,Subscriber,1991,male
478,2018-05-01T06:42:12.588000,2018-05-01T06:50:11.247000,Broadway & W 58 St,E 53 St & 3 Ave,Subscriber,1995,male
1467,2018-05-30T16:46:09.540000,2018-05-30T17:10:37.405000,E 103 St & Lexington Ave,E 53 St & 3 Ave,Subscriber,1984,male
1245,2017-08-01T20:27:44,2017-08-01T20:48:30,8 Ave & W 33 St,E 53 St & 3 Ave,Subscriber,1966,male
905,2018-02-27T07:52:59.672000,2018-02-27T08:08:05.384000,8 Ave & W 33 St,E 53 St & 3 Ave,Subscriber,1990,male
751,2017-10-16T07:56:06,2017-10-16T08:08:37,8 Ave & W 33 St,E 53 St & 3 Ave,Subscriber,1981,male
1201,2017-09-16T16:14:14,2017-09-16T16:34:15,8 Ave & W 33 St,E 53 St & 3 Ave,Subscriber,1987,female
797,2017-10-15T10:31:33,2017-10-15T10:44:50,8 Ave & W 33 St,E 53 St & 3 Ave,Subscriber,1987,male
733,2017-06-26T18:14:54,2017-06-26T18:27:07,E 25 St & 2 Ave,E 53 St & 3 Ave,Subscriber,1957,male
793,2017-12-14T09:37:24,2017-12-14T09:50:37,E 25 St & 2 Ave,E 53 St & 3 Ave,Subscriber,1965,male
920,2017-06-26T23:05:28,2017-06-26T23:20:48,E 25 St & 2 Ave,E 53 St & 3 Ave,Subscriber,1974,female
606,2017-12-08T08:56:37,2017-12-08T09:06:44,E 25 St & 2 Ave,E 53 St & 3 Ave,Subscriber,1984,male
1225,2017-07-05T12:36:54,2017-07-05T12:57:20,E 25 St & 2 Ave,E 53 St & 3 Ave,Customer,1984,male
959,2017-09-16T13:18:23,2017-09-16T13:34:23,E 25 St & 2 Ave,E 53 St & 3 Ave,Subscriber,1993,female
649,2017-10-12T06:52:28,2017-10-12T07:03:17,E 25 St & 2 Ave,E 53 St & 3 Ave,Subscriber,1991,male
442,2017-07-12T09:49:32,2017-07-12T09:56:54,1 Ave & E 68 St,E 53 St & 3 Ave,Subscriber,1966,female
701,2018-05-21T10:29:57.714000,2018-05-21T10:41:39.639000,1 Ave & E 68 St,E 53 St & 3 Ave,Subscriber,1970,male
824,2017-09-23T12:44:35,2017-09-23T12:58:19,1 Ave & E 68 St,E 53 St & 3 Ave,Subscriber,1971,male
559,2017-09-27T16:08:05,2017-09-27T16:17:25,1 Ave & E 68 St,E 53 St & 3 Ave,Subscriber,1973,male
406,2018-04-04T17:23:43.966000,2018-04-04T17:30:30.521000,1 Ave & E 68 St,E 53 St & 3 Ave,Subscriber,1977,male
525,2017-09-27T22:19:11,2017-09-27T22:27:57,1 Ave & E 68 St,E 53 St & 3 Ave,Subscriber,1977,male
484,2018-05-20T12:29:35.699000,2018-05-20T12:37:40.193000,1 Ave & E 68 St,E 53 St & 3 Ave,Subscriber,1983,male
381,2018-04-27T09:46:30.221000,2018-04-27T09:52:51.451000,1 Ave & E 68 St,E 53 St & 3 Ave,Subscriber,1985,male
460,2017-04-17T14:16:56,2017-04-17T14:24:36,1 Ave & E 68 St,E 53 St & 3 Ave,Subscriber,1984,male
539,2017-09-29T17:35:46,2017-09-29T17:44:46,1 Ave & E 68 St,E 53 St & 3 Ave,Subscriber,1992,male
420,2018-05-01T08:22:13.564000,2018-05-01T08:29:13.724000,1 Ave & E 68 St,E 53 St & 3 Ave,Subscriber,1991,male
401,2017-08-10T11:45:39,2017-08-10T11:52:21,1 Ave & E 68 St,E 53 St & 3 Ave,Subscriber,1992,male
690,2017-09-07T19:09:14,2017-09-07T19:20:45,Central Park West & W 68 St,E 53 St & 3 Ave,Subscriber,1958,male
733,2018-04-24T11:47:30.318000,2018-04-24T11:59:43.887000,Central Park West & W 68 St,E 53 St & 3 Ave,Subscriber,1975,male
573,2017-06-26T10:12:44,2017-06-26T10:22:17,Central Park West & W 68 St,E 53 St & 3 Ave,Subscriber,1978,male
1301,2017-10-19T17:34:07,2017-10-19T17:55:49,W 84 St & Columbus Ave,E 53 St & 3 Ave,Subscriber,1953,male
1127,2017-12-10T13:56:04,2017-12-10T14:14:52,W 84 St & Columbus Ave,E 53 St & 3 Ave,Subscriber,1986,male
1255,2017-04-27T21:34:50,2017-04-27T21:55:46,W 16 St & The High Line,E 53 St & 3 Ave,Subscriber,1990,female
864,2017-06-08T08:01:19,2017-06-08T08:15:44,W 25 St & 6 Ave,E 53 St & 3 Ave,Subscriber,1992,female
2116,2017-10-21T18:28:48,2017-10-21T19:04:05,Queens Plaza North & Crescent St,E 53 St & 3 Ave,Subscriber,1976,female
579,2017-09-17T22:41:13,2017-09-17T22:50:53,W 63 St & Broadway,E 53 St & 3 Ave,Subscriber,1972,male
992,2017-04-06T09:56:31,2017-04-06T10:13:04,1 Ave & E 18 St,E 53 St & 3 Ave,Subscriber,1982,male
845,2018-03-15T09:03:22.534000,2018-03-15T09:17:27.704000,1 Ave & E 18 St,E 53 St & 3 Ave,Subscriber,1983,male
990,2018-01-26T09:24:08.061000,2018-01-26T09:40:38.935000,1 Ave & E 18 St,E 53 St & 3 Ave,Subscriber,1994,male
582,2017-10-20T08:38:16,2017-10-20T08:47:58,E 33 St & 2 Ave,E 53 St & 3 Ave,Subscriber,1987,female
530,2017-11-21T08:50:35,2017-11-21T08:59:26,E 33 St & 2 Ave,E 53 St & 3 Ave,Subscriber,1987,female
552,2018-04-23T12:20:48.704000,2018-04-23T12:30:00.832000,E 33 St & 2 Ave,E 53 St & 3 Ave,Subscriber,1991,male
519,2017-05-30T08:55:20,2017-05-30T09:03:59,E 33 St & 2 Ave,E 53 St & 3 Ave,Subscriber,1991,male
552,2017-08-16T08:23:05,2017-08-16T08:32:17,E 33 St & 2 Ave,E 53 St & 3 Ave,Subscriber,1974,female
1748,2017-10-26T08:09:23,2017-10-26T08:38:31,Warren St & Church St,E 53 St & 3 Ave,Subscriber,1993,male
1684,2018-04-12T08:28:25.332000,2018-04-12T08:56:29.745000,34 Ave & 38 St,E 53 St & 3 Ave,Customer,1969,unknown
189,2017-11-05T14:11:40,2017-11-05T14:14:49,E 55 St & 2 Ave,E 53 St & 3 Ave,Subscriber,1994,female
870,2018-01-31T07:47:56.550000,2018-01-31T08:02:27.337000,E 20 St & FDR Drive,E 53 St & 3 Ave,Subscriber,1994,male
659,2017-07-10T07:07:10,2017-07-10T07:18:10,E 27 St & 1 Ave,E 53 St & 3 Ave,Subscriber,1991,male
622,2017-10-16T08:38:55,2017-10-16T08:49:18,E 27 St & 1 Ave,E 53 St & 3 Ave,Subscriber,1989,male
1101,2017-07-11T08:33:33,2017-07-11T08:51:55,W 67 St & Broadway,E 53 St & 3 Ave,Subscriber,1988,female
319,2017-11-21T19:04:31,2017-11-21T19:09:50,Pershing Square North,E 53 St & 3 Ave,Subscriber,1981,male
343,2018-04-29T18:47:17.481000,2018-04-29T18:53:00.906000,Pershing Square North,E 53 St & 3 Ave,Subscriber,1995,female
495,2017-09-08T14:53:16,2017-09-08T15:01:32,Pershing Square North,E 53 St & 3 Ave,Subscriber,1981,male
288,2018-03-28T11:53:41.329000,2018-03-28T11:58:29.792000,Pershing Square North,E 53 St & 3 Ave,Subscriber,1977,male
523,2017-08-01T17:11:31,2017-08-01T17:20:15,Pershing Square North,E 53 St & 3 Ave,Subscriber,1993,male
342,2017-09-14T15:14:13,2017-09-14T15:19:56,Pershing Square North,E 53 St & 3 Ave,Subscriber,1987,male
324,2018-03-18T14:57:15.507000,2018-03-18T15:02:40.462000,Pershing Square North,E 53 St & 3 Ave,Subscriber,1990,male
1342,2017-07-06T08:24:58,2017-07-06T08:47:20,E 7 St & Avenue A,E 53 St & 3 Ave,Subscriber,1963,male
737,2018-04-25T09:18:41.475000,2018-04-25T09:30:59.223000,E 76 St & Park Ave,E 53 St & 3 Ave,Subscriber,1969,male
1408,2017-06-04T11:18:55,2017-06-04T11:42:24,Central Park North & Adam Clayton Powell Blvd,E 53 St & 3 Ave,Subscriber,1963,male
1105,2018-03-30T09:01:22.444000,2018-03-30T09:19:47.544000,44 Dr & Jackson Ave,E 53 St & 3 Ave,Subscriber,1985,male
788,2017-09-12T04:53:51,2017-09-12T05:06:59,Broadway & E 22 St,E 53 St & 3 Ave,Subscriber,1967,male
1033,2017-07-06T13:26:25,2017-07-06T13:43:39,Broadway & E 22 St,E 53 St & 3 Ave,Subscriber,1980,female
2325,2018-05-15T07:58:43.034000,2018-05-15T08:37:28.172000,Hicks St & Montague St,E 53 St & 3 Ave,Subscriber,1986,male
851,2018-03-10T07:52:10.128000,2018-03-10T08:06:21.708000,2 Ave & E 104 St,E 53 St & 3 Ave,Subscriber,1975,male
965,2017-06-06T17:56:41,2017-06-06T18:12:46,2 Ave  & E 104 St,E 53 St & 3 Ave,Subscriber,1989,male
854,2017-12-12T08:50:57,2017-12-12T09:05:11,Broadway & W 29 St,E 53 St & 3 Ave,Subscriber,1958,male
12367,2017-06-15T07:56:27,2017-06-15T11:22:35,1 Ave & E 44 St,E 53 St & 3 Ave,Subscriber,1960,male
312,2017-12-14T16:17:21,2017-12-14T16:22:33,1 Ave & E 44 St,E 53 St & 3 Ave,Subscriber,1970,male
411,2017-08-02T15:15:28,2017-08-02T15:22:19,1 Ave & E 44 St,E 53 St & 3 Ave,Subscriber,1982,female
437,2017-07-26T20:18:04,2017-07-26T20:25:21,1 Ave & E 44 St,E 53 St & 3 Ave,Subscriber,1986,male
271,2017-04-11T08:53:24,2017-04-11T08:57:56,1 Ave & E 44 St,E 53 St & 3 Ave,Subscriber,1988,male
762,2017-04-10T07:59:47,2017-04-10T08:12:30,E 84 St & Park Ave,E 53 St & 3 Ave,Subscriber,1953,male
984,2017-08-01T08:28:07,2017-08-01T08:44:32,E 13 St & Avenue A,E 53 St & 3 Ave,Subscriber,1987,male
919,2017-07-18T07:35:45,2017-07-18T07:51:04,E 13 St & Avenue A,E 53 St & 3 Ave,Subscriber,1994,male
1062,2017-09-25T15:11:52,2017-09-25T15:29:35,Allen St & Rivington St,E 53 St & 3 Ave,Subscriber,1984,female
634,2017-11-06T06:35:21,2017-11-06T06:45:55,11 Ave & W 59 St,E 53 St & 3 Ave,Subscriber,1984,male
685,2017-11-30T16:58:33,2017-11-30T17:09:58,E 25 St & 1 Ave,E 53 St & 3 Ave,Subscriber,1976,male
672,2017-08-18T10:23:29,2017-08-18T10:34:41,E 25 St & 1 Ave,E 53 St & 3 Ave,Subscriber,1967,female
673,2017-08-23T07:57:12,2017-08-23T08:08:25,E 25 St & 1 Ave,E 53 St & 3 Ave,Subscriber,1992,male
693,2018-02-05T07:43:41.852000,2018-02-05T07:55:15.586000,E 25 St & 1 Ave,E 53 St & 3 Ave,Subscriber,1992,male
213,2017-11-21T11:49:00,2017-11-21T11:52:34,E 53 St & Madison Ave,E 53 St & 3 Ave,Subscriber,1956,male
187,2017-04-06T17:21:50,2017-04-06T17:24:57,E 53 St & Madison Ave,E 53 St & 3 Ave,Subscriber,1968,male
244,2018-03-19T13:23:40.145000,2018-03-19T13:27:44.230000,E 53 St & Madison Ave,E 53 St & 3 Ave,Subscriber,1979,male
341,2017-10-19T12:20:23,2017-10-19T12:26:05,E 53 St & Madison Ave,E 53 St & 3 Ave,Subscriber,1981,male
845,2017-11-21T07:59:13,2017-11-21T08:13:19,6 Ave & W 33 St,E 53 St & 3 Ave,Subscriber,1956,male
890,2017-12-06T23:30:02,2017-12-06T23:44:53,6 Ave & W 33 St,E 53 St & 3 Ave,Subscriber,1962,male
1259,2018-04-08T17:27:09.089000,2018-04-08T17:48:08.810000,6 Ave & W 33 St,E 53 St & 3 Ave,Customer,1969,unknown
1279,2017-09-17T01:01:23,2017-09-17T01:22:43,6 Ave & W 33 St,E 53 St & 3 Ave,Subscriber,1991,male
823,2017-07-16T10:48:43,2017-07-16T11:02:27,6 Ave & W 33 St,E 53 St & 3 Ave,Subscriber,1983,male
842,2017-06-01T19:00:56,2017-06-01T19:14:58,W 47 St & 10 Ave,E 53 St & 3 Ave,Subscriber,1951,male
1089,2018-04-17T14:02:54.415000,2018-04-17T14:21:04.106000,W 47 St & 10 Ave,E 53 St & 3 Ave,Subscriber,1962,male
854,2017-07-10T12:54:34,2017-07-10T13:08:49,W 47 St & 10 Ave,E 53 St & 3 Ave,Subscriber,1989,male
445,2017-06-27T16:18:25,2017-06-27T16:25:51,W 55 St & 6 Ave,E 53 St & 3 Ave,Subscriber,1983,female
352,2017-06-14T12:55:35,2017-06-14T13:01:28,W 55 St & 6 Ave,E 53 St & 3 Ave,Subscriber,1990,male
581,2017-08-12T11:57:14,2017-08-12T12:06:56,W 55 St & 6 Ave,E 53 St & 3 Ave,Subscriber,1995,female
961,2017-09-08T09:13:43,2017-09-08T09:29:45,Central Park West & W 72 St,E 53 St & 3 Ave,Subscriber,1962,male
1336,2017-08-03T18:54:15,2017-08-03T19:16:32,Central Park West & W 72 St,E 53 St & 3 Ave,Subscriber,1975,male
512,2017-08-10T05:51:22,2017-08-10T05:59:54,W 43 St & 6 Ave,E 53 St & 3 Ave,Subscriber,1963,male
555,2017-06-07T14:23:56,2017-06-07T14:33:11,W 43 St & 6 Ave,E 53 St & 3 Ave,Subscriber,1970,male
519,2017-07-06T08:53:57,2017-07-06T09:02:37,W 43 St & 6 Ave,E 53 St & 3 Ave,Subscriber,1975,male
544,2018-02-23T23:41:00.514000,2018-02-23T23:50:05.086000,W 43 St & 6 Ave,E 53 St & 3 Ave,Subscriber,1971,male
984,2018-05-01T08:55:35.430000,2018-05-01T09:11:59.731000,W 43 St & 6 Ave,E 53 St & 3 Ave,Subscriber,1977,male
429,2017-10-17T06:35:43,2017-10-17T06:42:52,W 43 St & 6 Ave,E 53 St & 3 Ave,Subscriber,1984,female
623,2018-04-01T13:50:17.441000,2018-04-01T14:00:41.367000,E 74 St & 1 Ave,E 53 St & 3 Ave,Subscriber,1994,female
615,2017-06-15T22:50:53,2017-06-15T23:01:09,W 42 St & 8 Ave,E 53 St & 3 Ave,Subscriber,1989,male
835,2017-08-28T22:46:17,2017-08-28T23:00:12,W 42 St & 8 Ave,E 53 St & 3 Ave,Customer,1993,male
733,2018-05-02T16:43:50.091000,2018-05-02T16:56:03.914000,5 Ave & E 29 St,E 53 St & 3 Ave,Subscriber,1983,male
215,2018-05-09T17:34:22.582000,2018-05-09T17:37:58.061000,E 47 St & 2 Ave,E 53 St & 3 Ave,Subscriber,1900,male
201,2017-09-13T12:56:19,2017-09-13T12:59:41,E 47 St & 2 Ave,E 53 St & 3 Ave,Subscriber,1962,male
184,2017-10-16T12:40:00,2017-10-16T12:43:04,E 47 St & 2 Ave,E 53 St & 3 Ave,Subscriber,1962,male
207,2018-05-10T13:47:43.771000,2018-05-10T13:51:11.319000,E 47 St & 2 Ave,E 53 St & 3 Ave,Subscriber,1981,male
177,2017-05-30T08:38:25,2017-05-30T08:41:23,E 47 St & 2 Ave,E 53 St & 3 Ave,Subscriber,1986,male
207,2017-09-25T11:15:05,2017-09-25T11:18:32,E 47 St & 2 Ave,E 53 St & 3 Ave,Subscriber,1990,male
753,2017-04-09T15:49:40,2017-04-09T16:02:14,3 Ave & E 71 St,E 53 St & 3 Ave,Customer,1977,female
370,2018-04-11T20:01:53.472000,2018-04-11T20:08:03.574000,3 Ave & E 71 St,E 53 St & 3 Ave,Subscriber,1989,male
404,2017-10-29T20:13:30,2017-10-29T20:20:15,3 Ave & E 71 St,E 53 St & 3 Ave,Subscriber,1989,female
736,2018-04-12T15:30:23.840000,2018-04-12T15:42:40.562000,E 41 St & 5 Ave,E 53 St & 3 Ave,Subscriber,1982,male
707,2017-09-19T14:34:48,2017-09-19T14:46:35,Broadway & W 51 St,E 53 St & 3 Ave,Subscriber,1952,male
735,2017-06-08T17:20:33,2017-06-08T17:32:49,Broadway & W 51 St,E 53 St & 3 Ave,Subscriber,1960,female
756,2017-04-24T08:07:14,2017-04-24T08:19:51,Broadway & W 51 St,E 53 St & 3 Ave,Subscriber,1966,male
451,2017-09-07T08:25:29,2017-09-07T08:33:01,Broadway & W 51 St,E 53 St & 3 Ave,Subscriber,1966,male
455,2017-09-29T06:35:58,2017-09-29T06:43:34,Broadway & W 51 St,E 53 St & 3 Ave,Subscriber,1967,male
407,2018-02-15T17:18:55.268000,2018-02-15T17:25:42.572000,Broadway & W 51 St,E 53 St & 3 Ave,Subscriber,1974,female
387,2017-08-31T07:38:15,2017-08-31T07:44:43,Broadway & W 51 St,E 53 St & 3 Ave,Subscriber,1985,male
443,2017-09-05T11:39:08,2017-09-05T11:46:32,Broadway & W 51 St,E 53 St & 3 Ave,Subscriber,1982,male
611,2017-11-06T07:55:02,2017-11-06T08:05:14,Broadway & W 51 St,E 53 St & 3 Ave,Subscriber,1984,male
424,2018-05-04T08:45:20.050000,2018-05-04T08:52:24.549000,Broadway & W 51 St,E 53 St & 3 Ave,Subscriber,1987,female
436,2017-07-14T06:39:04,2017-07-14T06:46:21,Broadway & W 51 St,E 53 St & 3 Ave,Subscriber,1992,female
928,2017-07-27T07:21:28,2017-07-27T07:36:56,2 Ave & E 96 St,E 53 St & 3 Ave,Subscriber,1987,male
1207,2017-06-12T07:26:28,2017-06-12T07:46:35,Cherry St,E 53 St & 3 Ave,Subscriber,1992,male
944,2017-10-12T12:51:48,2017-10-12T13:07:33,W 38 St & 8 Ave,E 53 St & 3 Ave,Subscriber,1970,male
1615,2017-08-24T17:19:25,2017-08-24T17:46:20,W 64 St & West End Ave,E 53 St & 3 Ave,Subscriber,1947,male
1011,2017-07-24T08:49:02,2017-07-24T09:05:53,W 64 St & West End Ave,E 53 St & 3 Ave,Subscriber,1979,male
894,2017-08-25T17:05:53,2017-08-25T17:20:47,W 64 St & West End Ave,E 53 St & 3 Ave,Subscriber,1987,female
1932,2017-04-15T23:08:46,2017-04-15T23:40:59,Washington Ave & Park Ave,E 53 St & 3 Ave,Subscriber,1992,male
1383,2017-09-25T08:36:12,2017-09-25T08:59:16,Grand St & Elizabeth St,E 53 St & 3 Ave,Subscriber,1991,male
1446,2017-10-20T17:46:21,2017-10-20T18:10:28,W 15 St & 7 Ave,E 53 St & 3 Ave,Subscriber,1990,female
689,2017-08-25T07:22:25,2017-08-25T07:33:55,E 15 St & 3 Ave,E 53 St & 3 Ave,Subscriber,1984,male
1301,2017-09-23T17:10:31,2017-09-23T17:32:12,E 15 St & 3 Ave,E 53 St & 3 Ave,Customer,1988,male
1067,2017-10-18T08:51:20,2017-10-18T09:09:08,E 15 St & 3 Ave,E 53 St & 3 Ave,Subscriber,1993,female
1436,2017-12-02T03:52:52,2017-12-02T04:16:49,W 24 St & 7 Ave,E 53 St & 3 Ave,Subscriber,1960,male
904,2017-04-05T16:01:01,2017-04-05T16:16:06,W 24 St & 7 Ave,E 53 St & 3 Ave,Subscriber,1971,male
1027,2018-03-19T16:25:25.441000,2018-03-19T16:42:32.492000,W 24 St & 7 Ave,E 53 St & 3 Ave,Subscriber,1976,male
425,2018-01-16T17:21:09.348000,2018-01-16T17:28:14.631000,E 41 St & Madison Ave,E 53 St & 3 Ave,Subscriber,1969,male
384,2017-05-30T07:20:20,2017-05-30T07:26:44,E 32 St & Park Ave,E 53 St & 3 Ave,Subscriber,1991,male
1601,2018-05-17T08:50:14.555000,2018-05-17T09:16:56.160000,E 32 St & Park Ave,E 53 St & 3 Ave,Customer,1994,male
497,2017-08-29T09:39:15,2017-08-29T09:47:32,E 32 St & Park Ave,E 53 St & 3 Ave,Subscriber,1992,male
458,2017-04-25T22:17:11,2017-04-25T22:24:50,E 39 St & 2 Ave,E 53 St & 3 Ave,Subscriber,1963,male
359,2018-04-09T08:58:56.130000,2018-04-09T09:04:55.187000,E 39 St & 2 Ave,E 53 St & 3 Ave,Subscriber,1980,male
749,2017-04-12T08:11:16,2017-04-12T08:23:46,E 39 St & 2 Ave,E 53 St & 3 Ave,Subscriber,1980,male
434,2017-11-02T06:34:39,2017-11-02T06:41:54,E 39 St & 2 Ave,E 53 St & 3 Ave,Subscriber,1989,male
406,2017-04-27T08:27:20,2017-04-27T08:34:07,E 39 St & 2 Ave,E 53 St & 3 Ave,Subscriber,1988,male
500,2017-06-16T09:50:34,2017-06-16T09:58:54,E 39 St & 2 Ave,E 53 St & 3 Ave,Subscriber,1988,male
521,2018-04-18T06:39:42.864000,2018-04-18T06:48:24.413000,E 39 St & 2 Ave,E 53 St & 3 Ave,Subscriber,1989,male
404,2017-10-16T06:38:43,2017-10-16T06:45:27,E 39 St & 2 Ave,E 53 St & 3 Ave,Subscriber,1989,male
1590,2017-07-09T16:35:41,2017-07-09T17:02:12,E 72 St & Park Ave,E 53 St & 3 Ave,Subscriber,1969,female
856,2017-08-03T08:49:49,2017-08-03T09:04:06,E 72 St & Park Ave,E 53 St & 3 Ave,Subscriber,1973,male
873,2017-10-05T16:58:54,2017-10-05T17:13:28,Broadway & W 37 St,E 53 St & 3 Ave,Subscriber,1982,female
652,2018-02-09T17:41:16.915000,2018-02-09T17:52:09.577000,Broadway & W 37 St,E 53 St & 3 Ave,Subscriber,1990,male
512,2017-04-27T20:18:20,2017-04-27T20:26:53,Broadway & W 37 St,E 53 St & 3 Ave,Subscriber,1991,male
525,2017-09-28T08:32:20,2017-09-28T08:41:05,Lexington Ave & E 24 St,E 53 St & 3 Ave,Subscriber,1984,male
561,2017-11-21T08:54:25,2017-11-21T09:03:46,Lexington Ave & E 24 St,E 53 St & 3 Ave,Subscriber,1984,male
1392,2017-06-29T08:33:52,2017-06-29T08:57:04,E 91 St & 2 Ave,E 53 St & 3 Ave,Subscriber,1989,female
852,2018-02-15T08:39:56.518000,2018-02-15T08:54:08.941000,E 91 St & 2 Ave,E 53 St & 3 Ave,Subscriber,1989,male
184,2017-08-09T15:25:19,2017-08-09T15:28:24,E 48 St & 3 Ave,E 53 St & 3 Ave,Subscriber,1961,male
1646,2017-12-20T13:36:15,2017-12-20T14:03:42,E 48 St & 3 Ave,E 53 St & 3 Ave,Subscriber,1972,male
108,2017-04-17T19:59:39,2017-04-17T20:01:28,E 48 St & 3 Ave,E 53 St & 3 Ave,Subscriber,1982,male
569,2018-03-08T16:17:59.681000,2018-03-08T16:27:29.282000,W 45 St & 6 Ave (OLD),E 53 St & 3 Ave,Subscriber,1976,male
256,2017-06-02T12:37:33,2017-06-02T12:41:50,E 45 St & 3 Ave,E 53 St & 3 Ave,Subscriber,1947,male
247,2018-05-30T15:03:36.562000,2018-05-30T15:07:44.164000,E 45 St & 3 Ave,E 53 St & 3 Ave,Subscriber,1955,male
192,2018-02-27T14:27:40.358000,2018-02-27T14:30:53.023000,E 45 St & 3 Ave,E 53 St & 3 Ave,Subscriber,1962,male
179,2017-04-14T09:58:39,2017-04-14T10:01:38,E 45 St & 3 Ave,E 53 St & 3 Ave,Subscriber,1963,male
187,2017-07-12T11:53:36,2017-07-12T11:56:44,E 45 St & 3 Ave,E 53 St & 3 Ave,Subscriber,1966,male
181,2017-04-26T17:02:39,2017-04-26T17:05:40,E 45 St & 3 Ave,E 53 St & 3 Ave,Subscriber,1973,female
161,2017-10-10T14:26:39,2017-10-10T14:29:20,E 45 St & 3 Ave,E 53 St & 3 Ave,Subscriber,1976,male
179,2018-04-23T17:19:15.241000,2018-04-23T17:22:14.611000,E 45 St & 3 Ave,E 53 St & 3 Ave,Subscriber,1991,male
168,2018-02-02T18:56:15.874000,2018-02-02T18:59:04.410000,E 45 St & 3 Ave,E 53 St & 3 Ave,Subscriber,1992,male
1716,2018-02-13T10:25:14.176000,2018-02-13T10:53:50.797000,Riverside Dr & W 82 St,E 53 St & 3 Ave,Subscriber,1952,female
1609,2017-08-11T08:20:32,2017-08-11T08:47:22,W 106 St & Central Park West,E 53 St & 3 Ave,Subscriber,1987,male
1489,2018-04-13T07:03:29.851000,2018-04-13T07:28:19.425000,Perry St & Bleecker St,E 53 St & 3 Ave,Subscriber,1984,female
1601,2017-08-02T09:01:17,2017-08-02T09:27:59,Kent Ave & N 7 St,E 53 St & 3 Ave,Subscriber,1984,male
1199,2017-09-05T08:00:25,2017-09-05T08:20:25,W 90 St & Amsterdam Ave,E 53 St & 3 Ave,Subscriber,1971,male
987,2017-09-05T19:25:20,2017-09-05T19:41:48,W 56 St & 10 Ave,E 53 St & 3 Ave,Subscriber,1982,male
541,2017-08-08T05:47:42,2017-08-08T05:56:43,W 56 St & 10 Ave,E 53 St & 3 Ave,Subscriber,1992,female
525,2017-08-13T10:55:22,2017-08-13T11:04:07,E 75 St & 3 Ave,E 53 St & 3 Ave,Subscriber,1983,male
1353,2018-05-08T12:45:55.414000,2018-05-08T13:08:28.646000,Adam Clayton Powell Blvd & W 118 St,E 53 St & 3 Ave,Subscriber,1966,male
342,2018-05-26T15:40:41.582000,2018-05-26T15:46:23.809000,E 58 St & 1 Ave,E 53 St & 3 Ave,Subscriber,1997,female
213,2017-08-07T08:22:31,2017-08-07T08:26:05,E 58 St & 1 Ave,E 53 St & 3 Ave,Subscriber,1970,male
246,2017-12-04T09:55:23,2017-12-04T09:59:30,E 58 St & 1 Ave,E 53 St & 3 Ave,Subscriber,1969,male
250,2017-11-02T08:23:27,2017-11-02T08:27:37,E 58 St & 1 Ave,E 53 St & 3 Ave,Subscriber,1970,male
314,2018-05-15T21:32:05.489000,2018-05-15T21:37:20.413000,E 58 St & 1 Ave,E 53 St & 3 Ave,Subscriber,1970,male
222,2018-01-10T23:33:44.784000,2018-01-10T23:37:27.104000,E 58 St & 1 Ave,E 53 St & 3 Ave,Subscriber,1970,male
203,2018-01-15T22:10:07.646000,2018-01-15T22:13:31.320000,E 58 St & 1 Ave,E 53 St & 3 Ave,Subscriber,1970,male
249,2017-12-07T18:54:25,2017-12-07T18:58:34,E 58 St & 1 Ave,E 53 St & 3 Ave,Subscriber,1970,male
306,2017-11-06T08:45:20,2017-11-06T08:50:27,E 58 St & 1 Ave,E 53 St & 3 Ave,Subscriber,1970,male
417,2017-08-03T20:11:27,2017-08-03T20:18:25,E 58 St & 1 Ave,E 53 St & 3 Ave,Subscriber,1984,female
255,2018-03-30T19:37:30.177000,2018-03-30T19:41:45.563000,E 58 St & 1 Ave,E 53 St & 3 Ave,Subscriber,1988,male
64,2017-09-12T03:51:36,2017-09-12T03:52:40,E 52 St & 2 Ave,E 53 St & 3 Ave,Subscriber,1980,male
92,2017-12-20T09:55:04,2017-12-20T09:56:37,E 52 St & 2 Ave,E 53 St & 3 Ave,Subscriber,1980,male
2296,2017-08-28T14:02:07,2017-08-28T14:40:24,E 52 St & 2 Ave,E 53 St & 3 Ave,Subscriber,1982,female
92,2018-03-30T11:46:40.047000,2018-03-30T11:48:12.461000,E 52 St & 2 Ave,E 53 St & 3 Ave,Subscriber,1993,male
259,2018-05-08T11:27:51.932000,2018-05-08T11:32:11.564000,E 47 St & 1 Ave,E 53 St & 3 Ave,Subscriber,1973,male
219,2017-04-26T18:54:23,2017-04-26T18:58:02,E 47 St & 1 Ave,E 53 St & 3 Ave,Subscriber,1983,male
238,2018-05-22T16:43:50.476000,2018-05-22T16:47:48.558000,E 47 St & 1 Ave,E 53 St & 3 Ave,Customer,1984,male
440,2017-09-27T16:28:23,2017-09-27T16:35:43,8 Ave & W 52 St,E 53 St & 3 Ave,Subscriber,1980,male
425,2018-03-26T18:38:56.031000,2018-03-26T18:46:01.612000,8 Ave & W 52 St,E 53 St & 3 Ave,Subscriber,1980,male
468,2017-08-25T08:59:22,2017-08-25T09:07:10,8 Ave & W 52 St,E 53 St & 3 Ave,Subscriber,1985,male
469,2017-06-09T09:12:54,2017-06-09T09:20:44,8 Ave & W 52 St,E 53 St & 3 Ave,Subscriber,1994,male
625,2017-05-18T22:29:05,2017-05-18T22:39:31,8 Ave & W 52 St,E 53 St & 3 Ave,Customer,1992,male
682,2017-06-08T19:58:54,2017-06-08T20:10:16,W 41 St & 8 Ave,E 53 St & 3 Ave,Subscriber,1979,female
928,2017-09-16T10:56:43,2017-09-16T11:12:12,W 41 St & 8 Ave,E 53 St & 3 Ave,Subscriber,1988,female
845,2017-09-22T23:21:39,2017-09-22T23:35:44,W 41 St & 8 Ave,E 53 St & 3 Ave,Subscriber,1993,male
654,2017-07-03T21:52:55,2017-07-03T22:03:49,W 41 St & 8 Ave,E 53 St & 3 Ave,Subscriber,1989,male
704,2018-02-17T12:32:33.690000,2018-02-17T12:44:17.863000,W 41 St & 8 Ave,E 53 St & 3 Ave,Subscriber,1981,male
1289,2017-04-04T23:11:04,2017-04-04T23:32:33,Columbus Ave & W 95 St,E 53 St & 3 Ave,Subscriber,1994,male
1225,2017-09-25T07:53:49,2017-09-25T08:14:14,W 4 St & 7 Ave S,E 53 St & 3 Ave,Subscriber,1984,female
1820,2018-03-06T13:55:05.125000,2018-03-06T14:25:26.070000,W 4 St & 7 Ave S,E 53 St & 3 Ave,Customer,1969,unknown
2132,2017-10-04T09:05:55,2017-10-04T09:41:28,Carlton Ave & Park Ave,E 53 St & 3 Ave,Subscriber,1986,male
476,2017-08-03T14:28:07,2017-08-03T14:36:04,Pershing Square South,E 53 St & 3 Ave,Subscriber,1957,male
456,2018-01-19T14:56:01.074000,2018-01-19T15:03:37.731000,Pershing Square South,E 53 St & 3 Ave,Subscriber,1968,male
711,2017-10-18T13:21:15,2017-10-18T13:33:06,Pershing Square South,E 53 St & 3 Ave,Subscriber,1975,male
1186,2017-04-27T08:46:46,2017-04-27T09:06:33,Amsterdam Ave & W 66 St,E 53 St & 3 Ave,Subscriber,1990,female
2551,2017-06-14T10:28:10,2017-06-14T11:10:41,Pioneer St & Richards St,E 53 St & 3 Ave,Subscriber,1967,female
2216,2017-08-04T08:27:20,2017-08-04T09:04:16,Pearl St & Hanover Square,E 53 St & 3 Ave,Subscriber,1974,male
1192,2017-10-04T07:30:58,2017-10-04T07:50:50,47 Ave & 31 St,E 53 St & 3 Ave,Subscriber,1972,male
1951,2017-08-30T19:36:16,2017-08-30T20:08:48,Bayard St & Leonard St,E 53 St & 3 Ave,Subscriber,1980,male
1021,2018-05-08T17:50:20.024000,2018-05-08T18:07:21.351000,E 53 St & 3 Ave,E 53 St & 3 Ave,Subscriber,1955,male
1431,2017-06-21T18:57:26,2017-06-21T19:21:17,E 53 St & 3 Ave,E 53 St & 3 Ave,Subscriber,1999,female
2698,2017-11-02T14:20:29,2017-11-02T15:05:28,E 53 St & 3 Ave,E 53 St & 3 Ave,Subscriber,1969,male
62,2017-08-19T12:40:13,2017-08-19T12:41:16,E 53 St & 3 Ave,E 53 St & 3 Ave,Subscriber,1982,female
1204,2018-03-15T10:11:26.716000,2018-03-15T10:31:31.702000,E 53 St & 3 Ave,E 53 St & 3 Ave,Subscriber,1987,male
3277,2018-05-04T13:21:01.888000,2018-05-04T14:15:39.364000,E 53 St & 3 Ave,E 53 St & 3 Ave,Subscriber,1988,male
289,2017-06-20T15:42:17,2017-06-20T15:47:06,E 53 St & 3 Ave,E 53 St & 3 Ave,Subscriber,1992,male
1291,2017-04-06T21:47:54,2017-04-06T22:09:26,W 13 St & 7 Ave,E 53 St & 3 Ave,Subscriber,1958,male
735,2017-10-13T01:58:07,2017-10-13T02:10:22,E 80 St & 2 Ave,E 53 St & 3 Ave,Subscriber,1986,male
616,2017-11-01T08:13:06,2017-11-01T08:23:22,E 80 St & 2 Ave,E 53 St & 3 Ave,Subscriber,1987,male
580,2017-08-04T08:19:56,2017-08-04T08:29:37,E 80 St & 2 Ave,E 53 St & 3 Ave,Subscriber,1988,female
1339,2018-01-09T21:58:16.761000,2018-01-09T22:20:35.790000,9 Ave & W 22 St,E 53 St & 3 Ave,Subscriber,1990,female
2281,2017-06-26T17:27:05,2017-06-26T18:05:07,Union Ave & N 12 St,E 53 St & 3 Ave,Subscriber,1979,male
2448,2018-04-20T08:08:31.097000,2018-04-20T08:49:20.006000,Berkeley Pl & 7 Ave,E 53 St & 3 Ave,Subscriber,1989,male
2049,2017-09-01T09:12:23,2017-09-01T09:46:33,Clinton Ave & Myrtle Ave,E 53 St & 3 Ave,Subscriber,1986,male
890,2017-08-29T07:24:19,2017-08-29T07:39:10,Madison Ave & E 82 St,E 53 St & 3 Ave,Subscriber,1987,female
681,2017-08-28T16:39:34,2017-08-28T16:50:56,Broadway & W 60 St,E 53 St & 3 Ave,Subscriber,1972,male
430,2018-05-11T06:44:33.706000,2018-05-11T06:51:44.687000,Broadway & W 60 St,E 53 St & 3 Ave,Subscriber,1984,male
981,2018-05-15T16:29:56.689000,2018-05-15T16:46:18.056000,Broadway & W 60 St,E 53 St & 3 Ave,Subscriber,1984,female
751,2017-06-13T09:45:32,2017-06-13T09:58:03,Broadway & W 60 St,E 53 St & 3 Ave,Subscriber,1984,male
302,2018-03-18T20:06:33.098000,2018-03-18T20:11:35.188000,Lexington Ave & E 63 St,E 53 St & 3 Ave,Subscriber,1986,male
517,2017-08-04T16:50:17,2017-08-04T16:58:54,Lexington Ave & E 63 St,E 53 St & 3 Ave,Subscriber,1986,male
187,2017-08-07T22:32:24,2017-08-07T22:35:31,Lexington Ave & E 63 St,E 53 St & 3 Ave,Subscriber,1992,male
578,2017-10-11T20:03:39,2017-10-11T20:13:17,W 49 St & 8 Ave,E 53 St & 3 Ave,Subscriber,1961,male
813,2017-12-07T08:01:40,2017-12-07T08:15:13,E 30 St & Park Ave S,E 53 St & 3 Ave,Subscriber,1971,male
716,2018-05-07T13:02:18.040000,2018-05-07T13:14:15.012000,E 30 St & Park Ave S,E 53 St & 3 Ave,Subscriber,1983,male
595,2018-01-25T13:17:53.974000,2018-01-25T13:27:49.745000,E 30 St & Park Ave S,E 53 St & 3 Ave,Subscriber,1983,male
415,2018-02-14T12:13:52.945000,2018-02-14T12:20:48.370000,E 65 St & 2 Ave,E 53 St & 3 Ave,Subscriber,1956,male
324,2017-10-04T10:00:04,2017-10-04T10:05:28,E 65 St & 2 Ave,E 53 St & 3 Ave,Subscriber,1976,male
322,2017-11-16T09:44:49,2017-11-16T09:50:12,E 65 St & 2 Ave,E 53 St & 3 Ave,Subscriber,1976,male
303,2017-12-09T23:27:47,2017-12-09T23:32:50,E 65 St & 2 Ave,E 53 St & 3 Ave,Subscriber,1990,male
249,2017-11-18T09:42:36,2017-11-18T09:46:46,E 65 St & 2 Ave,E 53 St & 3 Ave,Subscriber,1990,male
258,2017-09-25T22:27:25,2017-09-25T22:31:43,E 65 St & 2 Ave,E 53 St & 3 Ave,Subscriber,1990,male
577,2017-06-26T17:51:22,2017-06-26T18:00:59,Lexington Ave & E 29 St,E 53 St & 3 Ave,Subscriber,1987,male
477,2018-03-26T18:03:14.435000,2018-03-26T18:11:11.672000,Lexington Ave & E 29 St,E 53 St & 3 Ave,Subscriber,1987,male
556,2017-10-20T18:17:12,2017-10-20T18:26:29,Lexington Ave & E 29 St,E 53 St & 3 Ave,Subscriber,1987,male
907,2018-04-27T16:33:50.736000,2018-04-27T16:48:58.058000,Lexington Ave & E 29 St,E 53 St & 3 Ave,Subscriber,1995,male
988,2017-08-14T14:07:30,2017-08-14T14:23:58,Lexington Ave & E 29 St,E 53 St & 3 Ave,Subscriber,1991,female
1577,2017-06-05T08:21:42,2017-06-05T08:48:00,W 82 St & Central Park West,E 53 St & 3 Ave,Subscriber,1974,male
945,2017-09-27T17:43:55,2017-09-27T17:59:40,Broadway & W 32 St,E 53 St & 3 Ave,Subscriber,1956,female
694,2017-07-20T22:14:56,2017-07-20T22:26:30,Broadway & W 32 St,E 53 St & 3 Ave,Subscriber,1987,male
1300,2018-05-07T17:39:47.767000,2018-05-07T18:01:27.814000,Broadway & W 32 St,E 53 St & 3 Ave,Subscriber,1989,female
1289,2018-02-15T08:44:27.300000,2018-02-15T09:05:56.603000,Carmine St & 6 Ave,E 53 St & 3 Ave,Subscriber,1992,female
1180,2017-11-17T08:55:31,2017-11-17T09:15:12,Lafayette St & E 8 St,E 53 St & 3 Ave,Subscriber,1993,male
11865,2017-04-18T13:12:40,2017-04-18T16:30:26,E 88 St & 1 Ave,E 53 St & 3 Ave,Subscriber,1967,female
1011,2017-09-22T08:08:19,2017-09-22T08:25:11,E 88 St & 1 Ave,E 53 St & 3 Ave,Subscriber,1972,female
920,2017-09-28T08:42:36,2017-09-28T08:57:57,E 88 St & 1 Ave,E 53 St & 3 Ave,Subscriber,1981,male
289,2018-02-01T07:55:03.244000,2018-02-01T07:59:52.497000,1 Ave & E 62 St,E 53 St & 3 Ave,Subscriber,1972,male
341,2018-02-10T08:13:49.151000,2018-02-10T08:19:30.793000,1 Ave & E 62 St,E 53 St & 3 Ave,Subscriber,1977,male
343,2018-03-24T08:13:38.842000,2018-03-24T08:19:22.735000,1 Ave & E 62 St,E 53 St & 3 Ave,Subscriber,1977,male
373,2017-06-18T07:43:23,2017-06-18T07:49:36,1 Ave & E 62 St,E 53 St & 3 Ave,Subscriber,1977,male
553,2017-09-20T07:26:48,2017-09-20T07:36:01,1 Ave & E 62 St,E 53 St & 3 Ave,Subscriber,1977,male
340,2017-04-19T16:45:11,2017-04-19T16:50:51,1 Ave & E 62 St,E 53 St & 3 Ave,Subscriber,1983,male
540,2017-11-13T13:08:51,2017-11-13T13:17:52,1 Ave & E 62 St,E 53 St & 3 Ave,Subscriber,1989,male
235,2017-07-14T19:31:16,2017-07-14T19:35:11,E 47 St & Park Ave,E 53 St & 3 Ave,Subscriber,1997,male
290,2018-05-03T08:08:33.005000,2018-05-03T08:13:23.036000,E 47 St & Park Ave,E 53 St & 3 Ave,Subscriber,1956,male
198,2018-01-19T10:04:56.692000,2018-01-19T10:08:15.097000,E 47 St & Park Ave,E 53 St & 3 Ave,Subscriber,1965,male
213,2018-03-06T17:01:05.287000,2018-03-06T17:04:39.098000,E 47 St & Park Ave,E 53 St & 3 Ave,Subscriber,1970,male
353,2018-05-18T11:40:35.461000,2018-05-18T11:46:29.376000,E 47 St & Park Ave,E 53 St & 3 Ave,Subscriber,1972,male
558,2018-05-18T07:49:29.334000,2018-05-18T07:58:47.479000,Broadway & W 49 St,E 53 St & 3 Ave,Subscriber,1964,male
873,2017-12-06T10:44:15,2017-12-06T10:58:48,Broadway & W 49 St,E 53 St & 3 Ave,Subscriber,1974,male
563,2018-05-30T07:08:36.970000,2018-05-30T07:18:00.694000,Broadway & W 49 St,E 53 St & 3 Ave,Subscriber,1986,male
698,2017-12-01T18:05:48,2017-12-01T18:17:26,Broadway & W 49 St,E 53 St & 3 Ave,Subscriber,1991,male
884,2018-05-28T01:05:36.187000,2018-05-28T01:20:21.046000,E 11 St & 1 Ave,E 53 St & 3 Ave,Subscriber,1966,male
1239,2017-06-21T08:17:27,2017-06-21T08:38:07,E 11 St & 1 Ave,E 53 St & 3 Ave,Subscriber,1963,male
706,2017-09-19T14:53:50,2017-09-19T15:05:36,E 55 St & Lexington Ave,E 53 St & 3 Ave,Subscriber,1982,male
199,2017-09-01T14:15:48,2017-09-01T14:19:08,E 55 St & Lexington Ave,E 53 St & 3 Ave,Subscriber,1985,male
938,2017-07-28T11:53:21,2017-07-28T12:09:00,E 78 St & 2 Ave,E 53 St & 3 Ave,Subscriber,1956,male
1956,2018-02-09T11:51:46.586000,2018-02-09T12:24:22.601000,E 78 St & 2 Ave,E 53 St & 3 Ave,Customer,1969,unknown
630,2017-04-15T09:53:18,2017-04-15T10:03:49,E 78 St & 2 Ave,E 53 St & 3 Ave,Subscriber,1990,male
744,2017-09-12T13:18:09,2017-09-12T13:30:34,E 78 St & 2 Ave,E 53 St & 3 Ave,Subscriber,1988,male
925,2017-11-04T10:11:09,2017-11-04T10:26:34,E 78 St & 2 Ave,E 53 St & 3 Ave,Subscriber,1986,female
953,2017-08-23T21:14:58,2017-08-23T21:30:51,E 78 St & 2 Ave,E 53 St & 3 Ave,Subscriber,1985,male
1569,2017-07-08T11:59:01,2017-07-08T12:25:10,Stanton St & Mangin St,E 53 St & 3 Ave,Subscriber,1995,male
1344,2017-10-08T13:10:11,2017-10-08T13:32:35,Allen St & Stanton St,E 53 St & 3 Ave,Subscriber,1984,male
227,2018-05-03T18:07:31.955000,2018-05-03T18:11:19.081000,E 55 St & 3 Ave,E 53 St & 3 Ave,Subscriber,1989,female
520,2018-04-02T17:10:38.862000,2018-04-02T17:19:19.089000,FDR Drive & E 35 St,E 53 St & 3 Ave,Subscriber,1965,male
848,2017-11-03T16:26:24,2017-11-03T16:40:32,FDR Drive & E 35 St,E 53 St & 3 Ave,Subscriber,1965,male
570,2017-06-20T17:57:27,2017-06-20T18:06:57,FDR Drive & E 35 St,E 53 St & 3 Ave,Subscriber,1965,male
428,2017-05-30T07:00:21,2017-05-30T07:07:29,FDR Drive & E 35 St,E 53 St & 3 Ave,Subscriber,1977,male
535,2017-08-31T07:57:08,2017-08-31T08:06:03,FDR Drive & E 35 St,E 53 St & 3 Ave,Subscriber,1985,female
577,2018-01-10T07:47:31.713000,2018-01-10T07:57:09.222000,FDR Drive & E 35 St,E 53 St & 3 Ave,Subscriber,1987,male
323,2018-02-06T11:54:06.310000,2018-02-06T11:59:30.112000,E 35 St & 3 Ave,E 53 St & 3 Ave,Subscriber,1977,male
417,2017-08-31T09:58:58,2017-08-31T10:05:55,E 35 St & 3 Ave,E 53 St & 3 Ave,Subscriber,1984,male
332,2018-02-05T07:47:26.087000,2018-02-05T07:52:58.430000,E 35 St & 3 Ave,E 53 St & 3 Ave,Subscriber,1984,male
332,2017-12-07T18:25:24,2017-12-07T18:30:56,E 35 St & 3 Ave,E 53 St & 3 Ave,Subscriber,1984,male
437,2018-04-16T18:08:20.723000,2018-04-16T18:15:37.738000,E 35 St & 3 Ave,E 53 St & 3 Ave,Subscriber,1987,male
1108,2017-10-15T01:39:28,2017-10-15T01:57:57,E 35 St & 3 Ave,E 53 St & 3 Ave,Subscriber,1990,male
1319,2017-11-02T07:37:52,2017-11-02T07:59:51,E 6 St & Avenue B,E 53 St & 3 Ave,Subscriber,1976,male
1282,2017-11-06T06:59:42,2017-11-06T07:21:04,E 6 St & Avenue B,E 53 St & 3 Ave,Subscriber,1971,male
1254,2017-10-19T07:44:46,2017-10-19T08:05:41,E 6 St & Avenue B,E 53 St & 3 Ave,Subscriber,1976,male
1069,2017-09-13T08:31:21,2017-09-13T08:49:10,E 6 St & Avenue B,E 53 St & 3 Ave,Subscriber,1992,male
1058,2017-10-30T07:34:30,2017-10-30T07:52:08,E 6 St & Avenue B,E 53 St & 3 Ave,Subscriber,1994,male
2380,2018-01-02T05:00:08.884000,2018-01-02T05:39:49.379000,Pioneer St & Van Brunt St,E 53 St & 3 Ave,Subscriber,1967,female
1120,2017-04-11T07:21:43,2017-04-11T07:40:24,E 14 St & Avenue B,E 53 St & 3 Ave,Subscriber,1986,male
924,2017-09-28T07:03:03,2017-09-28T07:18:28,East End Ave & E 86 St,E 53 St & 3 Ave,Subscriber,1963,male
1114,2017-10-14T17:40:07,2017-10-14T17:58:42,East End Ave & E 86 St,E 53 St & 3 Ave,Subscriber,1992,male
797,2018-03-04T11:54:20.724000,2018-03-04T12:07:37.845000,1 Ave & E 78 St,E 53 St & 3 Ave,Subscriber,1962,female
1022,2017-11-18T12:38:15,2017-11-18T12:55:18,1 Ave & E 78 St,E 53 St & 3 Ave,Subscriber,1989,male
643,2018-05-10T07:08:47.547000,2018-05-10T07:19:30.557000,1 Ave & E 78 St,E 53 St & 3 Ave,Subscriber,1995,female
755,2017-10-12T08:23:04,2017-10-12T08:35:40,1 Ave & E 78 St,E 53 St & 3 Ave,Subscriber,1995,female
572,2017-12-22T16:55:10,2017-12-22T17:04:43,E 20 St & Park Ave,E 53 St & 3 Ave,Subscriber,1967,female
866,2017-06-16T09:15:31,2017-06-16T09:29:57,E 20 St & Park Ave,E 53 St & 3 Ave,Subscriber,1989,male
1048,2018-04-18T17:17:00.459000,2018-04-18T17:34:29.336000,W 21 St & 6 Ave,E 53 St & 3 Ave,Subscriber,1975,male
598,2017-10-14T06:48:57,2017-10-14T06:58:55,W 33 St & 7 Ave,E 53 St & 3 Ave,Subscriber,1970,male
765,2017-06-23T21:42:30,2017-06-23T21:55:15,W 33 St & 7 Ave,E 53 St & 3 Ave,Subscriber,1966,male
1511,2017-07-27T19:12:49,2017-07-27T19:38:00,W 33 St & 7 Ave,E 53 St & 3 Ave,Subscriber,1985,male
96,2018-01-17T11:01:15.792000,2018-01-17T11:02:51.957000,NYCBS Depot - GOW,NYCBS Depot - GOW,Subscriber,1950,male
194,2017-08-02T08:56:25,2017-08-02T08:59:40,NYCBS Depot - GOW,NYCBS Depot - GOW,Subscriber,1988,male
778745,2017-05-03T14:06:21,2017-05-12T14:25:26,6 St & 7 Ave,NYCBS Depot - GOW,Customer,1987,female
744468,2017-11-16T18:13:34,2017-11-25T09:01:23,South End Ave & Liberty St,NYCBS Depot - GOW,Subscriber,1971,male
897972,2017-07-06T21:04:12,2017-07-17T06:30:25,Cleveland Pl & Spring St,NYCBS Depot - GOW,Customer,1992,male
264,2017-06-30T06:42:28,2017-06-30T06:46:53,Smith St & 9 St,NYCBS Depot - GOW,Subscriber,1978,male
222,2018-05-13T22:53:56.475000,2018-05-13T22:57:38.606000,Smith St & 9 St,NYCBS Depot - GOW,Subscriber,1993,female
699,2017-09-11T07:22:30,2017-09-11T07:34:09,Bond St & Fulton St,NYCBS Depot - GOW,Subscriber,1990,male
82663,2017-07-06T15:08:12,2017-07-07T14:05:56,Fulton St & Utica Ave,NYCBS Depot - GOW,Customer,1987,male
186,2017-08-29T20:13:32,2017-08-29T20:16:39,4 Ave & 9 St,NYCBS Depot - GOW,Subscriber,1997,male
250,2017-08-22T14:30:58,2017-08-22T14:35:08,4 Ave & 9 St,NYCBS Depot - GOW,Subscriber,1984,male
226,2017-12-25T06:43:17,2017-12-25T06:47:04,4 Ave & 9 St,NYCBS Depot - GOW,Subscriber,1984,male
442,2017-10-03T06:37:27,2017-10-03T06:44:50,4 Ave & 9 St,NYCBS Depot - GOW,Subscriber,1987,male
240,2018-05-11T07:13:28.530000,2018-05-11T07:17:29.432000,4 Ave & 9 St,NYCBS Depot - GOW,Subscriber,1989,male
318228,2017-12-03T20:50:47,2017-12-07T13:14:36,W 67 St & Broadway,NYCBS Depot - GOW,Subscriber,1984,male
719712,2017-10-02T14:47:11,2017-10-10T22:42:24,S 5 Pl & S 4 St,NYCBS Depot - GOW,Subscriber,1976,female
627,2017-12-01T11:14:50,2017-12-01T11:25:18,3 Ave & 14 St,NYCBS Depot - GOW,Subscriber,1972,male
468759,2017-08-25T11:34:33,2017-08-30T21:47:12,West St & Chambers St,NYCBS Depot - GOW,Subscriber,1972,male
675,2017-09-12T20:11:01,2017-09-12T20:22:17,Hanson Pl & Ashland Pl,NYCBS Depot - GOW,Subscriber,1997,male
2495,2017-09-09T14:07:03,2017-09-09T14:48:39,S 3 St & Bedford Ave,NYCBS Depot - GOW,Subscriber,1982,male
520478,2017-06-29T17:00:57,2017-07-05T17:35:36,Albany Ave & Fulton St,NYCBS Depot - GOW,Customer,1987,male
762,2017-12-21T16:38:33,2017-12-21T16:51:16,2 Ave & 36 St - Citi Bike HQ at Industry City,NYCBS Depot - GOW,Subscriber,1979,male
460,2017-09-02T14:46:48,2017-09-02T14:54:28,2 Ave & 36 St - Citi Bike HQ at Industry City,NYCBS Depot - GOW,Subscriber,1986,female
883,2017-12-04T16:00:58,2017-12-04T16:15:42,2 Ave & 36 St - Citi Bike HQ at Industry City,NYCBS Depot - GOW,Subscriber,1978,male
131,2017-10-18T03:27:47,2017-10-18T03:29:59,12 St & 4 Ave,NYCBS Depot - GOW,Subscriber,1989,male
453,2018-05-18T14:37:47.505000,2018-05-18T14:45:20.582000,12 St & 4 Ave,NYCBS Depot - GOW,Subscriber,1986,male
163,2017-09-20T06:57:25,2017-09-20T07:00:09,12 St & 4 Ave,NYCBS Depot - GOW,Subscriber,1989,male
891,2016-09-21T12:15:20,2016-09-21T12:30:12,Liberty St & Broadway,Elizabeth St & Hester St,Subscriber,1977,female
740,2016-07-19T18:18:40,2016-07-19T18:31:00,Barrow St & Hudson St,Elizabeth St & Hester St,Subscriber,1968,male
826,2016-07-18T15:30:04,2016-07-18T15:43:50,Greenwich St & W Houston St,Elizabeth St & Hester St,Subscriber,1996,male
454,2016-09-29T08:10:13,2016-09-29T08:17:48,Greenwich St & W Houston St,Elizabeth St & Hester St,Subscriber,1984,male
574,2016-09-18T09:10:52,2016-09-18T09:20:26,Henry St & Grand St,Elizabeth St & Hester St,Subscriber,1953,female
700,2016-07-06T12:32:43,2016-07-06T12:44:23,Henry St & Grand St,Elizabeth St & Hester St,Subscriber,1990,female
594,2016-08-20T20:29:55,2016-08-20T20:39:49,Watts St & Greenwich St,Elizabeth St & Hester St,Subscriber,1981,male
1587,2016-09-07T22:06:15,2016-09-07T22:32:42,Elizabeth St & Hester St,Elizabeth St & Hester St,Subscriber,1950,male
516,2016-07-29T10:35:54,2016-07-29T10:44:30,Elizabeth St & Hester St,Elizabeth St & Hester St,Subscriber,1984,male
2295,2016-08-10T11:26:50,2016-08-10T12:05:05,W 37 St & 10 Ave,Elizabeth St & Hester St,Subscriber,1984,male
183,2016-08-24T10:51:13,2016-08-24T10:54:16,Mott St & Prince St,Elizabeth St & Hester St,Subscriber,1953,male
208,2016-09-09T20:23:32,2016-09-09T20:27:01,Mott St & Prince St,Elizabeth St & Hester St,Subscriber,1989,male
401,2016-08-08T08:50:33,2016-08-08T08:57:14,Mott St & Prince St,Elizabeth St & Hester St,Subscriber,1990,male
1026,2016-07-01T13:03:12,2016-07-01T13:20:19,W 18 St & 6 Ave,Elizabeth St & Hester St,Subscriber,1983,female
940,2016-09-10T23:08:28,2016-09-10T23:24:09,W 18 St & 6 Ave,Elizabeth St & Hester St,Subscriber,1983,male
379,2016-09-08T17:36:29,2016-09-08T17:42:48,Franklin St & W Broadway,Elizabeth St & Hester St,Subscriber,1988,female
976,2016-09-27T07:24:39,2016-09-27T07:40:55,Washington St & Gansevoort St,Elizabeth St & Hester St,Subscriber,1988,female
430,2016-09-05T11:57:57,2016-09-05T12:05:07,E 2 St & 2 Ave,Elizabeth St & Hester St,Subscriber,1996,male
817,2016-09-25T11:28:19,2016-09-25T11:41:56,E 2 St & 2 Ave,Elizabeth St & Hester St,Subscriber,1982,female
308,2016-07-17T18:17:46,2016-07-17T18:22:55,E 2 St & 2 Ave,Elizabeth St & Hester St,Subscriber,1981,male
346,2016-09-16T18:53:42,2016-09-16T18:59:28,E 2 St & 2 Ave,Elizabeth St & Hester St,Subscriber,1989,male
414,2016-09-17T11:08:59,2016-09-17T11:15:54,E 2 St & 2 Ave,Elizabeth St & Hester St,Subscriber,1990,male
1136,2016-09-21T09:39:31,2016-09-21T09:58:28,S 4 St & Wythe Ave,Elizabeth St & Hester St,Subscriber,1981,female
383,2016-07-12T09:07:42,2016-07-12T09:14:06,Pike St & E Broadway,Elizabeth St & Hester St,Subscriber,1989,male
2139,2016-09-28T15:08:28,2016-09-28T15:44:07,12 Ave & W 40 St,Elizabeth St & Hester St,Subscriber,1988,female
697,2016-09-10T11:43:21,2016-09-10T11:54:59,St Marks Pl & 2 Ave,Elizabeth St & Hester St,Subscriber,1965,male
588,2016-09-15T14:10:13,2016-09-15T14:20:02,St Marks Pl & 2 Ave,Elizabeth St & Hester St,Subscriber,1992,female
479,2016-07-14T18:29:07,2016-07-14T18:37:07,Maiden Ln & Pearl St,Elizabeth St & Hester St,Subscriber,1980,male
457,2016-08-01T08:45:56,2016-08-01T08:53:34,Maiden Ln & Pearl St,Elizabeth St & Hester St,Subscriber,1988,male
854,2016-08-27T08:35:29,2016-08-27T08:49:44,Maiden Ln & Pearl St,Elizabeth St & Hester St,Subscriber,1988,male